document_id,source,instrument_type,reviewed,candidate_relationships,notes
007740e5-8bde-453f-a9ce-6580ecef44af,Clarification on applicability of Forest _Conservation_ Act_ 1980 over RoW of Railways 21.05.2019.pdf,clarification,False,0,"Ministry correspondence and clarification subject. Automated draft, not SME reviewed. No currentness or supersession conclusion. 2 references have multiple target editions and remain unresolved; see the backfill review queue."
00806877-004f-4c3e-af8c-099569b9220a,Ashok Sharma- 4.3.2025.pdf,judicial,False,1,"Court heading in opening excerpt; operative status still requires review. Automated draft, not SME reviewed. No currentness or supersession conclusion. 6 references have multiple target editions and remain unresolved; see the backfill review queue."
01b192fe-c7c5-4b60-a8cf-eb706303c794,Report of the committee on Extended Reach Drilling _ERD_ vis 21.04.22.pdf,unknown,False,0,"Insufficient evidence for a reliable primary-instrument classification. Automated draft, not SME reviewed. No currentness or supersession conclusion."
022dc57c-8f6e-416d-8b8a-06a81e069ee8,CRZ-CRZ State authority _OE SCZMA_ Login Manual.pdf,unknown,False,0,"Secondary explanatory material/manual; do not treat as a primary legal instrument. Automated draft, not SME reviewed. No currentness or supersession conclusion."
03c55fca-4cf3-4304-8afc-5a6995016604,Clarification whether infrastructure activities ancillary to Forest 17.03.25.pdf,clarification,False,0,"Ministry correspondence and clarification subject. Automated draft, not SME reviewed. No currentness or supersession conclusion."
0421a9af-1991-4325-ae52-d28dfa98179d,Issues referred by the Department of Telecommunication 13.06.2023.pdf,instruction,False,0,"Administrative correspondence; statutory authority requires review. Automated draft, not SME reviewed. No currentness or supersession conclusion. 1 references have multiple target editions and remain unresolved; see the backfill review queue."
05034c87-f292-455e-ae6b-9f29b2eb9616,THE BIOLOGICAL DIVERSITY _AMENDMENT_ ACT_ 2023.pdf,amendment,False,0,"Instrument self-identification clause: the Biological Diversity (Amendment) Act, 2023 Automated draft, not SME reviewed. No currentness or supersession conclusion."
053ee44a-113e-4f96-b6c7-417af46ad414,compensatory afforcstati_n in li__u of forest land diverted for creation of shategic defence proiects 2014.pdf,unknown,False,0,"Insufficient evidence for a reliable primary-instrument classification. Automated draft, not SME reviewed. No currentness or supersession conclusion."
05e3c50d-36a7-4f9b-bbfe-b73fc49f5648,Clarification sought by the Regional Office_ Bangalore 02.01.24.pdf,clarification,False,0,"Ministry correspondence and clarification subject. Automated draft, not SME reviewed. No currentness or supersession conclusion. 1 references have multiple target editions and remain unresolved; see the backfill review queue."
08105ea7-bddc-4a8b-98b1-68b7980a95aa,Clarification on applicability of FCA_ 1980 in Railways land 01.01.20.pdf,clarification,False,0,"Ministry correspondence and clarification subject. Automated draft, not SME reviewed. No currentness or supersession conclusion. 1 references have multiple target editions and remain unresolved; see the backfill review queue."
085386ca-c7ce-4833-b67b-ae61431ace58,220320261843949170_1187_FE___CC_Deptt.pdf,notification,False,0,"Notification heading; citations do not establish that this document is an Act. Automated draft, not SME reviewed. No currentness or supersession conclusion."
089c21fd-cb4a-45f1-9fff-2239f8c37f44,National_Forest_Policy__1988.pdf,unknown,False,0,"Insufficient evidence for a reliable primary-instrument classification. Automated draft, not SME reviewed. No currentness or supersession conclusion."
08e79e71-ee46-41e0-a7de-3c3f87efea44,Submission of proposals to obtain approval mining lease 31.03.2016 _1_.docx,guideline,False,0,"Ministry correspondence and guideline subject. Automated draft, not SME reviewed. No currentness or supersession conclusion. 2 references have multiple target editions and remain unresolved; see the backfill review queue."
0968db51-29d7-4563-84d5-df3a1ef17e05,247866.pdf,amendment,False,1,"Instrument self-identification clause: the Forest (Conservation) Amendment Act, 2023 Automated draft, not SME reviewed. No currentness or supersession conclusion. 2 references have multiple target editions and remain unresolved; see the backfill review queue."
0bf4ebdc-2524-446a-bf3e-14acee5808e7,fc-guidelines-110909.pdf,guideline,False,0,"Ministry correspondence and guideline subject. Automated draft, not SME reviewed. No currentness or supersession conclusion. 3 references have multiple target editions and remain unresolved; see the backfill review queue."
0cb9272f-a2d2-44ae-9e6d-127b8f030b4c,Revised draft Policy on Inspection_ Verification_ Monitoring and Overall Procedure Relating to_ Grant of Forest Clearances and Identification of Forests. 2014.pdf,guideline,False,1,"Ministry correspondence and guideline subject. Automated draft, not SME reviewed. No currentness or supersession conclusion. 7 references have multiple target editions and remain unresolved; see the backfill review queue."
0d1e1202-b42e-4e1c-811a-8c2e69444111,Guidelines on the Accredited Compensatory Afforestation 24.01.2023.pdf,guideline,False,3,"Ministry correspondence and guideline subject. Automated draft, not SME reviewed. No currentness or supersession conclusion. 9 references have multiple target editions and remain unresolved; see the backfill review queue."
0d505772-6d09-4dd7-895e-78e13d370c1e,Parivesh 2.0 Know Your Approval Manual.pdf,unknown,False,0,"Secondary explanatory material/manual; do not treat as a primary legal instrument. Automated draft, not SME reviewed. No currentness or supersession conclusion."
0e8b3bba-b7b1-4d99-a62a-27e61e4ed474,Authorization of Divisional Forest Officers to grant permission 11.12.25.pdf,guideline,False,0,"Ministry correspondence and guideline subject. Automated draft, not SME reviewed. No currentness or supersession conclusion."
0f94a35a-5f6f-4ef8-9645-7d2af2380320,W.P _ c_ 1164 of 2023 S.C.docx,unknown,False,0,"Secondary explanatory material/manual; do not treat as a primary legal instrument. Automated draft, not SME reviewed. No currentness or supersession conclusion. 1 references have multiple target editions and remain unresolved; see the backfill review queue."
0fee9b33-9acb-4494-bb77-793d528d3697,Extension of dispensation of one year Working Permission 01.01.25.pdf,guideline,False,0,"Ministry correspondence and guideline subject. Automated draft, not SME reviewed. No currentness or supersession conclusion."
100da9a7-184f-4024-9390-e2051f41457a,Clarification and directions sought 30.01.26.pdf,clarification,False,0,"Ministry correspondence and clarification subject. Automated draft, not SME reviewed. No currentness or supersession conclusion."
1051807a-f149-4baf-8621-4627d1941dc4,Standing Committee_s Decision Forest and Wildlife Clearance 18.03.24.pdf,guideline,False,0,"Ministry correspondence and guideline subject. Automated draft, not SME reviewed. No currentness or supersession conclusion."
10c46435-1f78-4969-ba64-aab03372c8d5,Environment _Protection_ Rules_ 1986 amended 2020.pdf,amendment,False,1,"Instrument self-identification clause: the Environment (Protection) Second Amendment Rules, 2020 Automated draft, not SME reviewed. No currentness or supersession conclusion."
10cb9ff1-56ed-4be1-8650-aa47fc8083d6,Clarification on -Dictionary meaning of forest 05.12.2019.pdf,clarification,False,0,"Ministry correspondence and clarification subject. Automated draft, not SME reviewed. No currentness or supersession conclusion. 2 references have multiple target editions and remain unresolved; see the backfill review queue."
10df6dca-b3df-4764-bdac-bc6334cc2584,Clarification on the provisions of raising CA 13.06.2023.pdf,clarification,False,2,"Ministry correspondence and clarification subject. Automated draft, not SME reviewed. No currentness or supersession conclusion. 2 references have multiple target editions and remain unresolved; see the backfill review queue."
1147276d-2151-4e21-8307-702ee5adee8f,Guidelines for conducting Cost Benefit Analysis for projects involving diversion of forest land under the provisions of the FC Act_ 1980 01.08.2017.pdf,guideline,False,0,"Ministry correspondence and guideline subject. Automated draft, not SME reviewed. No currentness or supersession conclusion. 5 references have multiple target editions and remain unresolved; see the backfill review queue."
126d134c-5934-4b93-b2a8-75582961c564,Clarifications on the process of approval involved VSES WLP Linear 01.10.24.pdf,clarification,False,0,"Ministry correspondence and clarification subject. Automated draft, not SME reviewed. No currentness or supersession conclusion. 2 references have multiple target editions and remain unresolved; see the backfill review queue."
12849ba6-7498-455a-9356-f256658f2d63,OFFSHORE AREAS MINERAL _DEVELOPMENT AND REGULATION_ ACT_ 2002.pdf,act,False,0,"Instrument self-identification clause: the Offshore Areas Mineral (Development and Regulation) Act, 2002 Automated draft, not SME reviewed. No currentness or supersession conclusion."
1293b984-3b54-4421-8d8f-f62001bab469,Guidelines for collection of NPV 16.03.2016.docx,guideline,False,0,"Ministry correspondence and guideline subject. Automated draft, not SME reviewed. No currentness or supersession conclusion. 4 references have multiple target editions and remain unresolved; see the backfill review queue."
13b1cac5-059d-430d-a738-92a8d5876c78,Felling permission of trees in ESZ of Protected area 29.09.2016.docx,clarification,False,0,"Ministry correspondence and clarification subject. Automated draft, not SME reviewed. No currentness or supersession conclusion. 1 references have multiple target editions and remain unresolved; see the backfill review queue."
14f20766-7b6e-4f65-bd00-78edaa430c47,CLB8BD_1.PDF,clarification,False,0,"Ministry correspondence and clarification subject. Automated draft, not SME reviewed. No currentness or supersession conclusion. 1 references have multiple target editions and remain unresolved; see the backfill review queue."
152b54e4-ee75-40ef-821f-0a789464bf69,HANDBOOK_GUIDELINES18_03_2019.pdf,handbook,False,3,"Handbook cover/title. Automated draft, not SME reviewed. No currentness or supersession conclusion. 107 references have multiple target editions and remain unresolved; see the backfill review queue."
171bd09d-a29b-4740-8e47-a18904aafa3a,Submission of proposals for exploration prospecting of minerals in forest area 20.11.2019.pdf,instruction,False,0,"Administrative correspondence; statutory authority requires review. Automated draft, not SME reviewed. No currentness or supersession conclusion."
18073af1-0a38-4941-a47e-9a80d45a9c11,FCAmendmentAct2023.pdf,amendment,False,1,"Instrument self-identification clause: the Forest (Conservation) Amendment Act, 2023 Automated draft, not SME reviewed. No currentness or supersession conclusion. 2 references have multiple target editions and remain unresolved; see the backfill review queue."
1b3b6d60-844b-44c6-bc1c-3b5501dbc7c7,Allowing Delhi Development Authority _DDA_ to retain Forest land created by way of compensatory afforestation in Delhi 18.10.2019.pdf,instruction,False,0,"Administrative correspondence; statutory authority requires review. Automated draft, not SME reviewed. No currentness or supersession conclusion."
1bbb8f21-e8b3-428c-bfd0-2a893d909450,ensuring compliance of FRA during 2013.pdf,guideline,False,0,"Ministry correspondence and guideline subject. Automated draft, not SME reviewed. No currentness or supersession conclusion. 4 references have multiple target editions and remain unresolved; see the backfill review queue."
1c2266c5-0313-4e69-aedc-db1eb2c7ae7e,OM dated 18.03.24 issued by the WL Division of the MoEF _ CC WL _P_ Act 08.7.24.pdf,clarification,False,0,"Ministry correspondence and clarification subject. Automated draft, not SME reviewed. No currentness or supersession conclusion."
1c243db8-8652-438d-ac39-400477c7c8dd,Clarification on the mining proposals involving change in the land use 26.12.24.pdf,clarification,False,0,"Ministry correspondence and clarification subject. Automated draft, not SME reviewed. No currentness or supersession conclusion. 1 references have multiple target editions and remain unresolved; see the backfill review queue."
1da5bef9-85e4-46ae-bc5e-82615407a985,catchment area treatment plan amount -CAT Plan-2012.pdf,guideline,False,0,"Ministry correspondence and guideline subject. Automated draft, not SME reviewed. No currentness or supersession conclusion."
1e3e8e78-2951-48ce-bd5c-6bf5d24c5556,Simplified procedure for grant of permission for felling of trees standing on forest land to be diverted for execution of linear projects 27.09.2017.pdf,guideline,False,0,"Ministry correspondence and guideline subject. Automated draft, not SME reviewed. No currentness or supersession conclusion. 1 references have multiple target editions and remain unresolved; see the backfill review queue."
1f7c8a86-28a4-43eb-a3fc-542be8f3e848,changing status of forest land to revenue land in case of voluntary relocation of villages 20.05.2019.pdf,unknown,False,1,"Secondary explanatory material/manual; do not treat as a primary legal instrument. Automated draft, not SME reviewed. No currentness or supersession conclusion. 4 references have multiple target editions and remain unresolved; see the backfill review queue."
2041b954-ae66-44d9-b05f-a5bc1df305e2,UIDELI_1.PDF,guideline,False,0,"Ministry correspondence and guideline subject. Automated draft, not SME reviewed. No currentness or supersession conclusion. 4 references have multiple target editions and remain unresolved; see the backfill review queue."
21982e06-4895-4024-84f5-4706998161cd,14TFCR_2003.pdf,rules,False,0,"Primary instrument title; inspect edition. Automated draft, not SME reviewed. No currentness or supersession conclusion. 2 references have multiple target editions and remain unresolved; see the backfill review queue."
21c81491-9d51-4823-b696-4a73e7330792,APPROV_1.PDF,clarification,False,0,"Ministry correspondence and clarification subject. Automated draft, not SME reviewed. No currentness or supersession conclusion. 3 references have multiple target editions and remain unresolved; see the backfill review queue."
21ea4fee-e0dc-4fa3-b2bc-78b8a0f41d88,Guidelines under Forest _Conservation_ Act_ 1980_ in pursuance of the -The Mineral Laws _Amendment_ Act_ 2020 10.11.20.pdf,notification,False,0,"Commencement notification/covering correspondence; inspect attached operative notification. Automated draft, not SME reviewed. No currentness or supersession conclusion. 1 references have multiple target editions and remain unresolved; see the backfill review queue."
224df9bd-709a-46d4-b07b-2374dc693859,Streamlining the process of identification and notification CA 17.01.25.pdf,instruction,False,2,"Administrative correspondence; statutory authority requires review. Automated draft, not SME reviewed. No currentness or supersession conclusion."
22c73753-2164-42ca-b12a-0748806c0db0,Allowing Delhi Development Authority _DDA_ to retain Forest land created by way of compensatory afforestation in Delhi 26.11.2019.pdf,instruction,False,1,"Administrative correspondence; statutory authority requires review. Automated draft, not SME reviewed. No currentness or supersession conclusion."
22f53059-0a54-4f4f-b7fc-831b6f394f34,National Forest Policy_ 1952.pdf,notification,False,0,"Notification heading; citations do not establish that this document is an Act. Automated draft, not SME reviewed. No currentness or supersession conclusion."
2325e2b0-8e06-4b55-a0ec-cfda438cdb5a,Clarification sought by the Regional Office on the applicability of provisions 17.03.25.pdf,clarification,False,0,"Ministry correspondence and clarification subject. Automated draft, not SME reviewed. No currentness or supersession conclusion."
23acb3f9-9c11-434a-ba71-ba3e43cd8129,Clarification guidelines regarding charging of cost of trees in TL Cases 01.12.25.pdf,clarification,False,0,"Ministry correspondence and clarification subject. Automated draft, not SME reviewed. No currentness or supersession conclusion."
24e2c595-48e3-448b-b549-f77101e5bf10,General approval LWE District 25.02.2016.docx,instruction,False,0,"Administrative correspondence; statutory authority requires review. Automated draft, not SME reviewed. No currentness or supersession conclusion. 3 references have multiple target editions and remain unresolved; see the backfill review queue."
255cb7e5-b301-4b56-b7f2-4b1a98ab5293,Exemption from the requirement of raising compensatory afforestation 05.01.26.pdf,guideline,False,2,"Ministry correspondence and guideline subject. Automated draft, not SME reviewed. No currentness or supersession conclusion."
25a33590-dc09-48d9-812a-e58320e67ce7,FC-FC DFO-Role Manual.pdf,unknown,False,0,"Secondary explanatory material/manual; do not treat as a primary legal instrument. Automated draft, not SME reviewed. No currentness or supersession conclusion."
25cf7004-77fb-4fa9-b8fd-90a447f86971,docs_Consolidated Guidelines -Handbook -2023 PDF.pdf,handbook,False,6,"Handbook cover/title. Automated draft, not SME reviewed. No currentness or supersession conclusion. 6 references have multiple target editions and remain unresolved; see the backfill review queue."
261d9d37-4247-4073-8c65-3e03b442d423,Establishment of Elephant Rescue and Rehabilitation Centre in Sarguja Forest Division_ Chhattisgarh 30.05.2017.pdf,instruction,False,0,"Administrative correspondence; statutory authority requires review. Automated draft, not SME reviewed. No currentness or supersession conclusion. 2 references have multiple target editions and remain unresolved; see the backfill review queue."
2843a69c-665a-43a0-b620-3beb09849553,Provisions of Compensatory Afforestation providing that the UT States with more than 75_ of forest cover of their respective geographical areas 21.10.2019.pdf,instruction,False,0,"Administrative correspondence; statutory authority requires review. Automated draft, not SME reviewed. No currentness or supersession conclusion."
28697147-e8bd-43cf-8643-948ead45fab2,1340429546_15-7-2004.docx,instruction,False,0,"Administrative correspondence; statutory authority requires review. Automated draft, not SME reviewed. No currentness or supersession conclusion. 3 references have multiple target editions and remain unresolved; see the backfill review queue."
2955d429-424b-4be8-891f-d6989d88e999,Common guideline to be followed by FAC REC while considering the proposal under Forest _Conservation_ Act_ 1980. 29.01.2018-.pdf,guideline,False,1,"Ministry correspondence and guideline subject. Automated draft, not SME reviewed. No currentness or supersession conclusion. 11 references have multiple target editions and remain unresolved; see the backfill review queue."
2ba27e52-9a6e-495a-b908-c620742c0861,Suitability of land identified for raising compensatory afforestation 13.07.22.pdf,instruction,False,0,"Administrative correspondence; statutory authority requires review. Automated draft, not SME reviewed. No currentness or supersession conclusion."
2baae830-445b-4893-9ee7-f2ecded4dea4,Mines and Minerals _Development and Regulation_ Amendment Act_ 2023 _16 of 2023_ appointed date 2023.pdf,unknown,False,1,"Insufficient evidence for a reliable primary-instrument classification. Automated draft, not SME reviewed. No currentness or supersession conclusion."
2de7c9ef-7173-4ee1-a92f-a84528e24c38,CREATI_1.PDF,guideline,False,1,"Ministry correspondence and guideline subject. Automated draft, not SME reviewed. No currentness or supersession conclusion. 8 references have multiple target editions and remain unresolved; see the backfill review queue."
2e564e7c-22b2-48d3-b17f-1e0e40682878,Forest Conservation issues emanating from the inclusion of new mineral to be mined out from the already approved area without changing land use of forest land 29.11.22.pdf,clarification,False,0,"Ministry correspondence and clarification subject. Automated draft, not SME reviewed. No currentness or supersession conclusion."
2f5d9211-409e-4127-9932-d2107ba28217,Clarification sought by the Government of Odisha to change the status of land 27.09.24.pdf,unknown,False,0,"Secondary explanatory material/manual; do not treat as a primary legal instrument. Automated draft, not SME reviewed. No currentness or supersession conclusion."
30371fe2-7907-41a7-b3c5-97695ab1eeae,Clarification on the guidelines dated 24.01.2022 issued MoEF 21.09.2023.pdf,clarification,False,0,"Ministry correspondence and clarification subject. Automated draft, not SME reviewed. No currentness or supersession conclusion."
3357a8b2-674f-49b7-9b5f-31fd10f88bfd,Authorization of Divisional Forest Officers to grant permission 18.08.25.pdf,guideline,False,0,"Ministry correspondence and guideline subject. Automated draft, not SME reviewed. No currentness or supersession conclusion."
34cd12de-3f09-4438-8900-38a074fa6ca5,Clarification on the extent of preparatory works permissible Railway 27.11.24.pdf,clarification,False,1,"Ministry correspondence and clarification subject. Automated draft, not SME reviewed. No currentness or supersession conclusion."
35979eb1-52d1-4a8e-add2-e3611bd19c07,Extended Reach Drilling _ERD_ Technology and the applicability 12.09.2023.pdf,instruction,False,0,"Administrative correspondence; statutory authority requires review. Automated draft, not SME reviewed. No currentness or supersession conclusion. 2 references have multiple target editions and remain unresolved; see the backfill review queue."
3718394f-46a6-4f8c-961a-727df0fbf77f,Inviting-comments-from-all-concerned-stakeholders-on-Draft-National-Forest-Policy-2018_1.pdf,instruction,False,0,"Administrative correspondence; statutory authority requires review. Automated draft, not SME reviewed. No currentness or supersession conclusion."
37407e7d-36aa-4c26-ab36-ce7c5d714751,Extension of the provisions of survey HEPS PSPs at Par Mining Activities 27.08.24.pdf,guideline,False,0,"Ministry correspondence and guideline subject. Automated draft, not SME reviewed. No currentness or supersession conclusion."
38be1cad-9c86-4dbc-8bd6-6b9ea011ed61,Preparation of compensatory afforestation over DFL 17.02.25.pdf,guideline,False,1,"Ministry correspondence and guideline subject. Automated draft, not SME reviewed. No currentness or supersession conclusion."
399123d3-cd7a-4c2f-ba35-a6239c5bd58b,Fortnightly Regional Coordination Meeting _FRCM_ on Linear Project 18.12.20.pdf,unknown,False,0,"Insufficient evidence for a reliable primary-instrument classification. Automated draft, not SME reviewed. No currentness or supersession conclusion."
3a3762ca-c7a6-4952-9780-8f06a4d909f5,1202641178_21-12-2004.docx,instruction,False,0,"Administrative correspondence; statutory authority requires review. Automated draft, not SME reviewed. No currentness or supersession conclusion. 1 references have multiple target editions and remain unresolved; see the backfill review queue."
3bdd0466-8ec6-49d6-bafc-b15336f083b1,the_indian_forest_act__1927.pdf,act,False,0,"Instrument self-identification clause: the Indian Forest Act, 1927 Automated draft, not SME reviewed. No currentness or supersession conclusion."
3d87e747-9866-4005-9f84-895852acd957,Clarification on Guidelines issued by the Ministry 06.10.24.pdf,clarification,False,0,"Ministry correspondence and clarification subject. Automated draft, not SME reviewed. No currentness or supersession conclusion."
3dfa1798-1cc2-414d-8911-a443ae042c2e,1.pdf,clarification,False,0,"Ministry correspondence and clarification subject. Automated draft, not SME reviewed. No currentness or supersession conclusion."
4058c6a0-ee5a-4817-bc3c-b5366ef17997,FC-Change Scenario in Forest Clearance _ Parivesh 2.0.pdf,unknown,False,0,"Secondary explanatory material/manual; do not treat as a primary legal instrument. Automated draft, not SME reviewed. No currentness or supersession conclusion."
407751bc-c502-4196-bc94-d0152eef350a,Modification in the conditions stipulated in the approval granted under FC Act 1980 17.03.2023.pdf,instruction,False,0,"Administrative correspondence; statutory authority requires review. Automated draft, not SME reviewed. No currentness or supersession conclusion. 4 references have multiple target editions and remain unresolved; see the backfill review queue."
41072258-0c0b-4b54-9b75-c2f7db57f99d,safety zone afforestation.docx,guideline,False,0,"Ministry correspondence and guideline subject. Automated draft, not SME reviewed. No currentness or supersession conclusion. 2 references have multiple target editions and remain unresolved; see the backfill review queue."
4342caeb-2441-4b33-99c1-554f22a5a4e0,Conduct of Joint Surveys by Revenue_ Forest and Mining Department 11.12.25.pdf,instruction,False,0,"Administrative correspondence; statutory authority requires review. Automated draft, not SME reviewed. No currentness or supersession conclusion."
438d04c4-0c9c-4ea1-901d-3e9b0669c535,ensuring compliance of the Schedule Tribes and Other Traditional Forest Dwellers _Recognition of Forest Right_ Act-2006 23.09.2017.pdf,guideline,False,0,"Ministry correspondence and guideline subject. Automated draft, not SME reviewed. No currentness or supersession conclusion. 1 references have multiple target editions and remain unresolved; see the backfill review queue."
4411d45a-40e3-43ae-bec7-f00cc1ca3f50,Second Schedule to the Mines and Minerals _Development and Regulation_ Act_ 1957 during 2024.pdf,unknown,False,0,"Insufficient evidence for a reliable primary-instrument classification. Automated draft, not SME reviewed. No currentness or supersession conclusion."
448632da-3f30-4363-8e87-e6ddee28f931,guidelines on FC act 25.11.1994.pdf,guideline,False,0,"Ministry correspondence and guideline subject. Automated draft, not SME reviewed. No currentness or supersession conclusion. 4 references have multiple target editions and remain unresolved; see the backfill review queue."
44c4a057-e4f7-4f11-874c-889bf761a0c5,Restraining the quarrying of river bed material sand mining 29.08.24.pdf,instruction,False,0,"Administrative correspondence; statutory authority requires review. Automated draft, not SME reviewed. No currentness or supersession conclusion."
45dc9d6e-8beb-4afd-819d-1e7d9595d29b,safety zone-9.1.2015.pdf,unknown,False,0,"Insufficient evidence for a reliable primary-instrument classification. Automated draft, not SME reviewed. No currentness or supersession conclusion."
46da747a-a665-4906-9e67-de145042f007,Upgradation widening of roads_ constructed prior to 1980 15.03.2023.pdf,guideline,False,0,"Ministry correspondence and guideline subject. Automated draft, not SME reviewed. No currentness or supersession conclusion. 3 references have multiple target editions and remain unresolved; see the backfill review queue."
47dd8713-e0d3-4c65-8dc5-3e68940e9d3b,Streamlining the approval process with regards to forest area SZ 17.01.25.pdf,instruction,False,0,"Administrative correspondence; statutory authority requires review. Automated draft, not SME reviewed. No currentness or supersession conclusion."
47f2375e-cc31-4f15-9d3a-3b71c2d02096,FCAmendment2023-date of enactment.pdf,notification,False,0,"Commencement notification/covering correspondence; inspect attached operative notification. Automated draft, not SME reviewed. No currentness or supersession conclusion. 6 references have multiple target editions and remain unresolved; see the backfill review queue."
48595f32-c7c8-4d28-882c-e0f4dc67e558,inclusion of guidelines related to Tripatite Agreement for reafforestation and rehabilitation of degraded forest land 26.08.2019.pdf,guideline,False,0,"Ministry correspondence and guideline subject. Automated draft, not SME reviewed. No currentness or supersession conclusion. 2 references have multiple target editions and remain unresolved; see the backfill review queue."
4963086c-c925-462d-b359-f749c7378aa4,Rationalisation of Essential Details Sought _EDS_ workflow in the Forest.pdf,instruction,False,0,"Administrative correspondence; statutory authority requires review. Automated draft, not SME reviewed. No currentness or supersession conclusion."
4af5dcf1-92cf-474c-aa1a-b37482a9028e,1022033821_14-9-2004.docx,notification,False,0,"Commencement notification/covering correspondence; inspect attached operative notification. Automated draft, not SME reviewed. No currentness or supersession conclusion. 2 references have multiple target editions and remain unresolved; see the backfill review queue."
4b887ab9-d4ec-475c-922a-bc128afe2eae,PROCES_3.PDF,instruction,False,1,"Administrative correspondence; statutory authority requires review. Automated draft, not SME reviewed. No currentness or supersession conclusion."
4ba42aee-bee8-457b-95f9-661aeef1028a,4 Order dated 04.12.2006 in W.P. 460 of 2004 -Goa Foundation.pdf,judicial,False,0,"Court heading in opening excerpt; operative status still requires review. Automated draft, not SME reviewed. No currentness or supersession conclusion."
4beecac4-34e1-49ce-9ba2-6e26c95bbc34,clarification on para 2.8 of guidelines 2013.pdf,clarification,False,0,"Ministry correspondence and clarification subject. Automated draft, not SME reviewed. No currentness or supersession conclusion. 4 references have multiple target editions and remain unresolved; see the backfill review queue."
4c4e726a-7243-48b3-a674-bfe7f6874995,REFUND_1.PDF,instruction,False,0,"Administrative correspondence; statutory authority requires review. Automated draft, not SME reviewed. No currentness or supersession conclusion."
4cd8f7b9-e8d1-469f-a75f-b91077f43c64,1722144502_4-10-2004.docx,guideline,False,0,"Ministry correspondence and guideline subject. Automated draft, not SME reviewed. No currentness or supersession conclusion. 2 references have multiple target editions and remain unresolved; see the backfill review queue."
4d2addfb-9095-47a6-a366-a672451c25eb,Transfer of approvals granted 21.09.2023.pdf,guideline,False,0,"Ministry correspondence and guideline subject. Automated draft, not SME reviewed. No currentness or supersession conclusion. 6 references have multiple target editions and remain unresolved; see the backfill review queue."
4e8b5cdf-8d76-47b2-ace2-c83da241533c,Clarification on use of forest land for residential purposes etc_ under the provisions of Forest _Conservation_ Act_ 1980 24.01.2022.pdf,clarification,False,0,"Ministry correspondence and clarification subject. Automated draft, not SME reviewed. No currentness or supersession conclusion. 1 references have multiple target editions and remain unresolved; see the backfill review queue."
4f4ea22f-6e6f-43c4-b5f0-6249f2633876,Clarification on the extension of Guidelines dated 30.09.2019_ issued for undertaking Seismic Survey for Hydrocarbon Sector_ to Coal Sector projects 14.01.2020.pdf,clarification,False,0,"Ministry correspondence and clarification subject. Automated draft, not SME reviewed. No currentness or supersession conclusion."
4f9508f2-9605-48b8-a441-c86003bae536,1353525669_guideline.docx,clarification,False,0,"Ministry correspondence and clarification subject. Automated draft, not SME reviewed. No currentness or supersession conclusion. 1 references have multiple target editions and remain unresolved; see the backfill review queue."
4fa82e02-d948-41b4-8804-c796354f4e98,Clarification on the applicability of provisions of compensatory 31.01.2023.pdf,clarification,False,0,"Ministry correspondence and clarification subject. Automated draft, not SME reviewed. No currentness or supersession conclusion."
500e4d2c-9350-4359-aa86-665959ed4dbd,Submission of proposals to obtain approval entire forest land mining lease 20.06.2016.docx,guideline,False,0,"Ministry correspondence and guideline subject. Automated draft, not SME reviewed. No currentness or supersession conclusion. 6 references have multiple target editions and remain unresolved; see the backfill review queue."
52e8bb8e-6258-4b80-924c-37060e2f6bd2,Clarification on guideline dated 01.04.2015 and 01.05.2015 issued by this ministry regarding extension of period of validity 20.09.2017.pdf,clarification,False,0,"Ministry correspondence and clarification subject. Automated draft, not SME reviewed. No currentness or supersession conclusion. 5 references have multiple target editions and remain unresolved; see the backfill review queue."
531bace7-f07f-4341-b421-4214adb4345d,0_0_91119124212151Checklist.pdf,unknown,False,0,"Insufficient evidence for a reliable primary-instrument classification. Automated draft, not SME reviewed. No currentness or supersession conclusion. 1 references have multiple target editions and remain unresolved; see the backfill review queue."
539590f2-cb9b-4f3d-b001-1aa2cffd0db9,Creation of Accredited CA in Govt. owned non-forest land 01.11.2023.pdf,guideline,False,0,"Ministry correspondence and guideline subject. Automated draft, not SME reviewed. No currentness or supersession conclusion."
5441c6c1-914e-439c-830f-bb5be6a48d49,Clarification sought by Andaman _ Nocobar islands Administration 13.05.25.pdf,clarification,False,1,"Ministry correspondence and clarification subject. Automated draft, not SME reviewed. No currentness or supersession conclusion."
568401db-e64c-449b-8b54-3d80285e1fd2,User Manual Parivesh-Common Application Form.pdf,unknown,False,0,"Secondary explanatory material/manual; do not treat as a primary legal instrument. Automated draft, not SME reviewed. No currentness or supersession conclusion."
56fe502b-c031-4e14-948b-d3be1f42bb83,Forest _Conservation_ Rules_ 1981 _as amended up to May 1992_.pdf,rules,False,0,"Primary instrument title; inspect edition. Automated draft, not SME reviewed. No currentness or supersession conclusion. 2 references have multiple target editions and remain unresolved; see the backfill review queue."
57043465-e496-4d58-8731-8c0ca112fd5f,Provisions and guidelines on compensatory afforestation 21.08.2023.pdf,guideline,False,2,"Ministry correspondence and guideline subject. Automated draft, not SME reviewed. No currentness or supersession conclusion. 1 references have multiple target editions and remain unresolved; see the backfill review queue."
575a0072-86ba-40ed-ba5a-6642fc6d7cb7,One time relaxation in General Approval as per para 4.7 of comprehensive guidelines 04.08.2020.pdf,guideline,False,0,"Ministry correspondence and guideline subject. Automated draft, not SME reviewed. No currentness or supersession conclusion."
57eaba52-3836-4359-bee0-d68d3de9436d,diversion of forest land for non-forestry purpose under Forest _Conservation_Act_ 1980 for establishment construction of Zoo 30.09.2018.pdf,guideline,False,0,"Ministry correspondence and guideline subject. Automated draft, not SME reviewed. No currentness or supersession conclusion. 5 references have multiple target editions and remain unresolved; see the backfill review queue."
58eb43a2-306b-4232-ba8c-ea6a3bce521b,Clarification on the commencement of the period 01.01.25.pdf,notification,False,0,"Commencement notification/covering correspondence; inspect attached operative notification. Automated draft, not SME reviewed. No currentness or supersession conclusion."
58ee05b4-f9b8-4286-898a-477c319a7973,Clarification on applicability of working permission 10.09.24.pdf,clarification,False,0,"Ministry correspondence and clarification subject. Automated draft, not SME reviewed. No currentness or supersession conclusion."
5a4a4c2a-841e-4c60-a1d5-2543defde076,Parivesh 2.0 Baseline Environmental Data Information System Manual.pdf,unknown,False,0,"Secondary explanatory material/manual; do not treat as a primary legal instrument. Automated draft, not SME reviewed. No currentness or supersession conclusion."
5a810e18-0dcf-40cb-aa9c-a2178e867ea4,FC-Multi DFO Functionalities.pdf,unknown,False,0,"Insufficient evidence for a reliable primary-instrument classification. Automated draft, not SME reviewed. No currentness or supersession conclusion."
5a92b908-c096-40cb-aa71-8fd62d2f6f04,Notification of the Forest _Conservation_ Rules_ 2022 29.06.22.pdf,instruction,False,4,"Administrative correspondence; statutory authority requires review. Automated draft, not SME reviewed. No currentness or supersession conclusion. 4 references have multiple target editions and remain unresolved; see the backfill review queue."
5a987c92-d9bc-4516-80fa-1953b7a29b47,amendments in the Environment _Protection_ Rules 2021.pdf,amendment,False,1,"Instrument self-identification clause: the Environment (Protection) Amendment Rules, 2021 Automated draft, not SME reviewed. No currentness or supersession conclusion."
5aba813a-503e-4491-8554-6a0b64d11d57,THE COMPENSATORY AFFORESTATION FUND ACT_ 2016.pdf,act,False,0,"Instrument self-identification clause: the Compensatory Afforestation Fund Act, 2016 Automated draft, not SME reviewed. No currentness or supersession conclusion. 10 references have multiple target editions and remain unresolved; see the backfill review queue."
5bc99229-74d0-4c9e-a621-96b1795455fd,Forest _Conservation_ Rules_ 2003.pdf,rules,False,1,"Instrument self-identification clause: the Forest (Conservati on) Rules, 2003 Automated draft, not SME reviewed. No currentness or supersession conclusion. 7 references have multiple target editions and remain unresolved; see the backfill review queue."
5c7d07fd-a746-469b-b2a6-292a9f83637a,GCP note.docx,unknown,False,0,"Secondary explanatory material/manual; do not treat as a primary legal instrument. Automated draft, not SME reviewed. No currentness or supersession conclusion."
5ce598b8-ee20-42f2-ae2a-7eb57dbb8d4e,Guidelines under Forest _Conservation_ Act_ 1980_ in pursuance of the -The Mineral Laws _Amendment_ Act_ 2020 31.03.2020.pdf,guideline,False,0,"Ministry correspondence and guideline subject. Automated draft, not SME reviewed. No currentness or supersession conclusion. 5 references have multiple target editions and remain unresolved; see the backfill review queue."
5d01f16d-0df3-4098-a4a7-f482889a889a,Maintenance of Safety Zone 04.12.2023.pdf,guideline,False,0,"Ministry correspondence and guideline subject. Automated draft, not SME reviewed. No currentness or supersession conclusion. 3 references have multiple target editions and remain unresolved; see the backfill review queue."
5d6c9e8b-d7aa-4dc9-aa90-a11088441ad8,FAC recommendation 8.4.2013.pdf,instruction,False,0,"Administrative correspondence; statutory authority requires review. Automated draft, not SME reviewed. No currentness or supersession conclusion."
5e7645d0-38a8-4d3e-b976-756198e8ac2a,Review of cases pending beyond timelines in the digitized services of MoEF 22.03.2017.docx,instruction,False,0,"Administrative correspondence; statutory authority requires review. Automated draft, not SME reviewed. No currentness or supersession conclusion. 3 references have multiple target editions and remain unresolved; see the backfill review queue."
5ed2ed41-989b-48d5-a62a-36edc93c5be0,Clarifications on projects requiring prior approval of Standing Committee of NBWL _SC-NBWL_ under the provisions of Wildlife _Protection_ Act_ 1972 24.04.20.pdf,clarification,False,0,"Ministry correspondence and clarification subject. Automated draft, not SME reviewed. No currentness or supersession conclusion. 1 references have multiple target editions and remain unresolved; see the backfill review queue."
5eec62d7-aafb-4e97-8f2f-d3e8de1824d5,Simplified version of the Van _Sanrakshan Evam Samvardhan_ Adhiniyam_ 1980 and Forest _Conservation_ Amendment Act_ 2023 -dated 11.07.2025.pdf,unknown,False,1,"Secondary explanatory material/manual; do not treat as a primary legal instrument. Automated draft, not SME reviewed. No currentness or supersession conclusion. 3 references have multiple target editions and remain unresolved; see the backfill review queue."
5f38e093-cad3-4caa-abd9-2d2571989c0e,guidelines-LWE-dated-3.11.2010-general approval.pdf,guideline,False,0,"Ministry correspondence and guideline subject. Automated draft, not SME reviewed. No currentness or supersession conclusion. 9 references have multiple target editions and remain unresolved; see the backfill review queue."
5fa208f9-0af6-4e5b-b721-932347dcbd70,Guidelines-LWE-05-01-2013.pdf,guideline,False,0,"Ministry correspondence and guideline subject. Automated draft, not SME reviewed. No currentness or supersession conclusion. 3 references have multiple target editions and remain unresolved; see the backfill review queue."
5fa2b4ca-515f-4046-b9ca-316d4fe7d874,Processing of the ongoing proposals on PARIVESH 2.0 in light of the provisions of VSES Rules 27.12.2023.pdf,instruction,False,1,"Administrative correspondence; statutory authority requires review. Automated draft, not SME reviewed. No currentness or supersession conclusion."
60038349-80e5-4b95-a17c-b91452029d56,Charging of a lump sum amount WLMP SMC Plan 16.01.2023.pdf,guideline,False,0,"Ministry correspondence and guideline subject. Automated draft, not SME reviewed. No currentness or supersession conclusion."
601faa99-210e-4c80-bb89-938922d92ad0,Forest Rights Act 2006 and guidelines.pdf,handbook,False,0,"Compilation containing multiple instruments; document label is not the authority of each excerpt. Automated draft, not SME reviewed. No currentness or supersession conclusion. 7 references have multiple target editions and remain unresolved; see the backfill review queue."
608a16f4-c7ce-4ad7-8335-dafe6c1a63ac,WRIT PETITION _CIVIL_ NO.202 OF 1995- T N Godavarman Judgement_24-Jan-2024.pdf,judicial,False,1,"Court heading in opening excerpt; operative status still requires review. Automated draft, not SME reviewed. No currentness or supersession conclusion. 3 references have multiple target editions and remain unresolved; see the backfill review queue."
60a3f218-a47a-481a-974f-a0970e2c18c1,4-7-2014-4-fencing-of-sefety-zone.pdf,guideline,False,0,"Ministry correspondence and guideline subject. Automated draft, not SME reviewed. No currentness or supersession conclusion. 4 references have multiple target editions and remain unresolved; see the backfill review queue."
61bfdf71-63b0-4508-8402-bdb78b1237b9,CITES-Exotic_authority_manual.pdf,unknown,False,0,"Secondary explanatory material/manual; do not treat as a primary legal instrument. Automated draft, not SME reviewed. No currentness or supersession conclusion."
63d0a20e-3375-465e-8beb-38e3571196ea,Consolidated Guidelines specifying the terms and condition 02.01.26.pdf,guideline,False,0,"Ministry correspondence and guideline subject. Automated draft, not SME reviewed. No currentness or supersession conclusion."
64156079-80a3-440a-a4cc-a94c88885bd8,Environment _Protection_ Fifth Amendment Rules_ 2021..pdf,amendment,False,1,"Instrument self-identification clause: the Environment (Protection) Fifth Amendment Rules, 2021 Automated draft, not SME reviewed. No currentness or supersession conclusion."
64602acb-68cc-4286-9cf5-31c0e5bc2af9,central information commission -CIC decision 8.2.2013.pdf,instruction,False,0,"Administrative correspondence; statutory authority requires review. Automated draft, not SME reviewed. No currentness or supersession conclusion."
662a0f71-de25-48e9-99f1-1fcc2e80eda9,Clarification on matters related to use of private forest land 11.09.25.pdf,clarification,False,2,"Ministry correspondence and clarification subject. Automated draft, not SME reviewed. No currentness or supersession conclusion."
669747f2-59d4-4b0b-ac2d-57ce327f115c,Temporary use of forest land for river dredging works at Raison 20.05.24.pdf,instruction,False,0,"Administrative correspondence; statutory authority requires review. Automated draft, not SME reviewed. No currentness or supersession conclusion."
66cf5220-189f-415f-891c-9f998c1c734c,Identification of Land Bank for Compensatory Afforestation 08.11.2017.pdf,clarification,False,1,"Ministry correspondence and clarification subject. Automated draft, not SME reviewed. No currentness or supersession conclusion. 7 references have multiple target editions and remain unresolved; see the backfill review queue."
66ec7da0-8968-4dee-8d43-811f68f8e751,3rdAugust2009-FRA compliance.pdf,instruction,False,0,"Administrative correspondence; statutory authority requires review. Automated draft, not SME reviewed. No currentness or supersession conclusion. 3 references have multiple target editions and remain unresolved; see the backfill review queue."
6707fb7a-13d7-4f32-88cb-fbfac723872b,Construction of rope ways in the Hilly States of the Country 29.11.24.pdf,guideline,False,0,"Ministry correspondence and guideline subject. Automated draft, not SME reviewed. No currentness or supersession conclusion. 3 references have multiple target editions and remain unresolved; see the backfill review queue."
67a495ca-c624-40e8-baf5-ee25c522ea11,Revision of rates of Net Present Revision of rate of Net Present Value regarding 06.01.22.pdf,guideline,False,0,"Ministry correspondence and guideline subject. Automated draft, not SME reviewed. No currentness or supersession conclusion."
6818ef63-631b-4cc6-b29f-357125713b2d,Clarifications sought by the Government of Chhattisgarh on the various provisions 09.09.24.pdf,clarification,False,1,"Ministry correspondence and clarification subject. Automated draft, not SME reviewed. No currentness or supersession conclusion."
693c42d7-1e4b-43b1-982e-464e55feac5b,Streamlining the approval process as envisaged under para 4.2 17.01.25.pdf,guideline,False,0,"Ministry correspondence and guideline subject. Automated draft, not SME reviewed. No currentness or supersession conclusion."
6b6cff34-56ec-40bc-87a1-7e8a5d6fce1c,Concerns of the People of Goa_ whose lands have been identified as Private Forests 25.01.22.pdf,instruction,False,0,"Administrative correspondence; statutory authority requires review. Automated draft, not SME reviewed. No currentness or supersession conclusion."
6c26ab43-311f-434d-a703-a8a171e62981,FC-User Agency Manual.pdf,unknown,False,0,"Secondary explanatory material/manual; do not treat as a primary legal instrument. Automated draft, not SME reviewed. No currentness or supersession conclusion."
6cc634bf-20a3-4027-8a34-6610e0e23490,Amendments of Para 4.4.3 of Chapter-4 of the Guidelines given under the Handbook of the Forest _Conservation_ Act_ 1980 13.09.2019.pdf,clarification,False,0,"Ministry correspondence and clarification subject. Automated draft, not SME reviewed. No currentness or supersession conclusion. 2 references have multiple target editions and remain unresolved; see the backfill review queue."
6cf26c27-746e-4e12-9efc-92a08fdd52c7,230820243832810142_GSR-191_E_-Captive-Elephant-_Transfer-or-Transport_-Rules-2024.pdf,unknown,False,0,"Insufficient evidence for a reliable primary-instrument classification. Automated draft, not SME reviewed. No currentness or supersession conclusion."
6e8ec18c-0da5-4117-9e82-5f73e190bb6d,20.11.2012-display of information of ministry website.pdf,unknown,False,0,"Insufficient evidence for a reliable primary-instrument classification. Automated draft, not SME reviewed. No currentness or supersession conclusion."
6f9c54dd-9060-4f85-89d9-faafe014bd2e,Strengthening of Integrated Concurrent Monitoring and Evaluation System _iCCMES_ or e-Green Watch 10.08.20.pdf,instruction,False,0,"Administrative correspondence; statutory authority requires review. Automated draft, not SME reviewed. No currentness or supersession conclusion."
6fc24079-c509-4b31-b7c9-8961aab62304,fc-18012013.pdf,guideline,False,0,"Ministry correspondence and guideline subject. Automated draft, not SME reviewed. No currentness or supersession conclusion. 12 references have multiple target editions and remain unresolved; see the backfill review queue."
7055fc9b-2f5d-4de1-bb51-262696c4eb5a,guidelines-revision of para 4.4 -21.03.11.docx,guideline,False,0,"Ministry correspondence and guideline subject. Automated draft, not SME reviewed. No currentness or supersession conclusion. 3 references have multiple target editions and remain unresolved; see the backfill review queue."
70582a7f-9df2-4168-9698-1cbe5e1069ea,Mining leases _ML_ applications MMDR Act 08.02.2017.docx,instruction,False,0,"Administrative correspondence; statutory authority requires review. Automated draft, not SME reviewed. No currentness or supersession conclusion. 3 references have multiple target editions and remain unresolved; see the backfill review queue."
71ade15a-e6f6-488f-9b03-e71f9064dfee,Forest _Conservation_ Rules_ 2022 - submission of proposals 16.09.22.pdf,instruction,False,2,"Administrative correspondence; statutory authority requires review. Automated draft, not SME reviewed. No currentness or supersession conclusion."
73d1a272-4d02-404e-9fc4-9e8782a054e0,Guidelines for using the afforestation raised over GCP 16.09.25.pdf,guideline,False,2,"Ministry correspondence and guideline subject. Automated draft, not SME reviewed. No currentness or supersession conclusion. 4 references have multiple target editions and remain unresolved; see the backfill review queue."
75a880a2-99b9-45f9-93d9-3babe9f26e2f,PREREQ_1.PDF,instruction,False,0,"Administrative correspondence; statutory authority requires review. Automated draft, not SME reviewed. No currentness or supersession conclusion. 3 references have multiple target editions and remain unresolved; see the backfill review queue."
75c486d9-11d1-400d-92e5-76f7b5879831,survey investigation prospecting guidelines 2010.pdf,clarification,False,0,"Ministry correspondence and clarification subject. Automated draft, not SME reviewed. No currentness or supersession conclusion. 6 references have multiple target editions and remain unresolved; see the backfill review queue."
75e75ab8-fba0-4ddd-911d-a1182fdf4fcb,6 IAs in W.P 202 of 1995 GODAVARMAN.pdf,judicial,False,0,"Court heading in opening excerpt; operative status still requires review. Automated draft, not SME reviewed. No currentness or supersession conclusion."
76067c7f-6599-48ce-8c40-47578013be65,Acceptance of reclaimed non-forest land _biological and under technical reclamation_ by CIL and its subsidiaries for the purpose of CA 17.10.2019.pdf,instruction,False,1,"Administrative correspondence; statutory authority requires review. Automated draft, not SME reviewed. No currentness or supersession conclusion. 1 references have multiple target editions and remain unresolved; see the backfill review queue."
76778a7d-6f06-4052-9bfb-71847ce03dcd,New Lessee-Lumpsum 7.5 lakh.pdf,guideline,False,0,"Ministry correspondence and guideline subject. Automated draft, not SME reviewed. No currentness or supersession conclusion. 5 references have multiple target editions and remain unresolved; see the backfill review queue."
76fee20e-dcb9-48b5-83d6-df5bc3f246cc,FCAmendment2023.pdf,notification,False,0,"Commencement notification/covering correspondence; inspect attached operative notification. Automated draft, not SME reviewed. No currentness or supersession conclusion. 6 references have multiple target editions and remain unresolved; see the backfill review queue."
77738cc0-2153-47ad-b927-45fe62477776,Issue pertaining to the State Forest Department in execution of doubling of Railway Line between Hatia and Bondamunda 17.01.2020.pdf,clarification,False,0,"Ministry correspondence and clarification subject. Automated draft, not SME reviewed. No currentness or supersession conclusion. 3 references have multiple target editions and remain unresolved; see the backfill review queue."
789db189-efa1-475a-871d-752089aaef83,EC-EC JS-AS-Secretary EC Manual.pdf,unknown,False,0,"Secondary explanatory material/manual; do not treat as a primary legal instrument. Automated draft, not SME reviewed. No currentness or supersession conclusion."
78e794c0-ce3d-4f68-b2b4-e846a51f82fa,simplified procedure renewal of mining lease 2013.pdf,unknown,False,0,"Insufficient evidence for a reliable primary-instrument classification. Automated draft, not SME reviewed. No currentness or supersession conclusion. 2 references have multiple target editions and remain unresolved; see the backfill review queue."
7967c4d5-a32b-4aad-aa89-d5b2daebb189,Common guideline to be followed by FAC REC while considering the proposal under Forest _Conservation_ Act_ 1980. 29.01.2018.pdf,clarification,False,0,"Ministry correspondence and clarification subject. Automated draft, not SME reviewed. No currentness or supersession conclusion."
7a052d97-7d98-4144-a0ef-a85b39ad4f90,Submission of proposals to obtain appoval mining lease 30.11.2016.pdf,guideline,False,0,"Ministry correspondence and guideline subject. Automated draft, not SME reviewed. No currentness or supersession conclusion. 2 references have multiple target editions and remain unresolved; see the backfill review queue."
7da8c13d-7693-4c33-8fe5-a6b45054d134,Constitution of India updated May 2026.pdf,unknown,False,0,"Constitution compilation; not a standalone amendment. Outside the current instrument taxonomy. Automated draft, not SME reviewed. No currentness or supersession conclusion."
7dc99a35-7694-492d-9ffd-29c2bda8e1cb,fc-guidlines-2011-requirement of differential gps total station survey.pdf,instruction,False,0,"Administrative correspondence; statutory authority requires review. Automated draft, not SME reviewed. No currentness or supersession conclusion. 3 references have multiple target editions and remain unresolved; see the backfill review queue."
7e14225a-fb21-40d5-8c53-2c722b893006,Temporary use of Forest land and application of FC Act_ 1980 11.10.2019.pdf,instruction,False,0,"Administrative correspondence; statutory authority requires review. Automated draft, not SME reviewed. No currentness or supersession conclusion. 1 references have multiple target editions and remain unresolved; see the backfill review queue."
7e51d6de-96d6-43fe-8a8a-9fa62b650d4a,Guidelines for collection of NPV 16.03.2016.pdf,guideline,False,0,"Title-based candidate; inspect original document. Automated draft, not SME reviewed. No currentness or supersession conclusion."
7fb6c12c-7f36-4cb5-b6ba-6ef82a289181,Right of Way _RoW_ mentioned in the guidelines dated 22.02.2023.pdf,guideline,False,0,"Ministry correspondence and guideline subject. Automated draft, not SME reviewed. No currentness or supersession conclusion."
80ee8bd0-9f49-4285-8105-1cbd6b577d09,Forest _Conservation_ Rules_ 2022 Draft guidelines on the Accredited Compensatory Afforestation 15.09.22.pdf,guideline,False,3,"Ministry correspondence and guideline subject. Automated draft, not SME reviewed. No currentness or supersession conclusion. 9 references have multiple target editions and remain unresolved; see the backfill review queue."
817e2dab-39da-4cde-b8c7-9d853c05f531,Clarification on deposition of monies realized from the UA WLMP 07.07.2023.pdf,clarification,False,0,"Ministry correspondence and clarification subject. Automated draft, not SME reviewed. No currentness or supersession conclusion."
819a015e-b5aa-4b48-8b01-fe532585fd33,Parivesh 2.0 Legal Repository Manual.pdf,unknown,False,0,"Secondary explanatory material/manual; do not treat as a primary legal instrument. Automated draft, not SME reviewed. No currentness or supersession conclusion."
81e45d03-eb50-4320-a91a-1dceb29ce47d,Submission of proposals to obtain approval mining lease 31.03.2016 _2_.docx,guideline,False,0,"Ministry correspondence and guideline subject. Automated draft, not SME reviewed. No currentness or supersession conclusion. 3 references have multiple target editions and remain unresolved; see the backfill review queue."
8340b1af-101e-4716-8f17-923fe8575fea,FC IG - MoEFCC_HQ Level Manual.pdf,unknown,False,0,"Secondary explanatory material/manual; do not treat as a primary legal instrument. Automated draft, not SME reviewed. No currentness or supersession conclusion."
83a4216c-56af-404d-a4b6-8193deb2e4c1,Constitution of the Committee under the chairmanship of Head_ Regional Office_ MoEF_CC to monitor the progress of land bank identification 02.04.2019.pdf,guideline,False,0,"Ministry correspondence and guideline subject. Automated draft, not SME reviewed. No currentness or supersession conclusion."
83ca8f42-9ab6-40e3-8093-86d4d8975278,Guidelines related to re-grassing of mining leases after ceasing mining activities 14.01.20.pdf,guideline,False,0,"Ministry correspondence and guideline subject. Automated draft, not SME reviewed. No currentness or supersession conclusion. 1 references have multiple target editions and remain unresolved; see the backfill review queue."
8464348a-5136-4aa0-83dc-4b5844ca7c69,Wild Life Clearance PARIVESH 2.O Process Flow Manual.pdf,unknown,False,0,"Secondary explanatory material/manual; do not treat as a primary legal instrument. Automated draft, not SME reviewed. No currentness or supersession conclusion."
84ae841f-e4b3-4885-8fb2-f0b1c750dab5,Review of time taken by the various processing authorities 22.11.24.pdf,instruction,False,1,"Administrative correspondence; statutory authority requires review. Automated draft, not SME reviewed. No currentness or supersession conclusion."
84e158bc-f36a-4060-a960-7c5e338d24e6,FAQ_FC.docx,unknown,False,0,"Secondary explanatory material/manual; do not treat as a primary legal instrument. Automated draft, not SME reviewed. No currentness or supersession conclusion. 1 references have multiple target editions and remain unresolved; see the backfill review queue."
85165852-1d9d-415a-a063-c8b483b1b409,Raising of compensatory afforestation inwaste lands 21.02.24.pdf,guideline,False,1,"Ministry correspondence and guideline subject. Automated draft, not SME reviewed. No currentness or supersession conclusion."
85aec904-a1b3-495a-854a-1c4dc7901c9f,diversion of _k11tire forest land located within the mining lease alld grallt of environn1ellt clearance-2013.pdf,instruction,False,0,"Administrative correspondence; statutory authority requires review. Automated draft, not SME reviewed. No currentness or supersession conclusion."
863ee0b7-4ced-4789-8379-7727508e2eb7,Writ Petition _Civil_ No 1164 of 2023-Feb 2024-Ashok Sharma.pdf,judicial,False,1,"Court heading in opening excerpt; operative status still requires review. Automated draft, not SME reviewed. No currentness or supersession conclusion. 7 references have multiple target editions and remain unresolved; see the backfill review queue."
864c4e72-6d5f-4d1b-98ac-d82a29461391,Recommendations of the Forest Advisory Committee in its meeting dated 20th 21 _t February 2013.pdf,instruction,False,0,"Administrative correspondence; statutory authority requires review. Automated draft, not SME reviewed. No currentness or supersession conclusion."
8668bbbe-bf68-4dc4-a4cf-7005ac2a6ad9,Streamlining of the approval process CA 17.12.24.pdf,instruction,False,2,"Administrative correspondence; statutory authority requires review. Automated draft, not SME reviewed. No currentness or supersession conclusion."
86ec7f0a-9652-4f73-8cc3-2663a035ac62,Guidelines while processing and or approving proposals forest and non-forest 30.09.2016.docx,guideline,False,0,"Ministry correspondence and guideline subject. Automated draft, not SME reviewed. No currentness or supersession conclusion. 5 references have multiple target editions and remain unresolved; see the backfill review queue."
871c5661-be66-4890-a0ff-6d5afbf34f0b,Applicability of CA new lessee after expiry of old lease tenure 21.03.2023.pdf,instruction,False,0,"Administrative correspondence; statutory authority requires review. Automated draft, not SME reviewed. No currentness or supersession conclusion."
8766e22d-550a-48cf-9df6-9e7e673a356d,fc-guidelines-01-02-13 non availability of CA Land.pdf,guideline,False,1,"Ministry correspondence and guideline subject. Automated draft, not SME reviewed. No currentness or supersession conclusion. 3 references have multiple target editions and remain unresolved; see the backfill review queue."
887188bd-545b-40f6-97f4-a9f4bb90ade1,Processing of proposals involving violation FC Act 1980 15.05.2023.pdf,instruction,False,1,"Administrative correspondence; statutory authority requires review. Automated draft, not SME reviewed. No currentness or supersession conclusion. 7 references have multiple target editions and remain unresolved; see the backfill review queue."
88fb8e0a-8c97-4b22-bd5a-6a89b4411b3b,Streamlining the process of approval under the FC Act Optical Fibre 10.07.2023.pdf,instruction,False,0,"Administrative correspondence; statutory authority requires review. Automated draft, not SME reviewed. No currentness or supersession conclusion. 2 references have multiple target editions and remain unresolved; see the backfill review queue."
8964c592-bede-41e2-97d4-a9d7c1f11d66,Clarification on deposition of part of compensatory levies into the account of DFO 21.03.2023.pdf,clarification,False,0,"Ministry correspondence and clarification subject. Automated draft, not SME reviewed. No currentness or supersession conclusion."
89a410d5-4f61-4698-ac06-99271e0410f3,Guidelines prescribing involving violation 21.01.26.pdf,guideline,False,2,"Ministry correspondence and guideline subject. Automated draft, not SME reviewed. No currentness or supersession conclusion."
89ab6ff6-7413-4105-a42f-a2e871e8377f,29.10.2013-Updating of Diversion proposals under Fe Act on the website of the Ministry.pdf,instruction,False,1,"Administrative correspondence; statutory authority requires review. Automated draft, not SME reviewed. No currentness or supersession conclusion."
89af0adc-3da5-407e-a0d2-4a4d8812020b,Right-of-Way _RoW_ requirements for construction of 800 kV 06.01.26.pdf,instruction,False,0,"Administrative correspondence; statutory authority requires review. Automated draft, not SME reviewed. No currentness or supersession conclusion."
8a32ea59-ad94-475a-9775-2f49ee565fe8,EC-EC Environment Clearance Basic Flow _End to End_.pdf,unknown,False,0,"Secondary explanatory material/manual; do not treat as a primary legal instrument. Automated draft, not SME reviewed. No currentness or supersession conclusion."
8a70b432-b257-417f-bdf3-0c941bc3fae7,VSESA-Reforms-Feb 2026.pptx,unknown,False,2,"Insufficient evidence for a reliable primary-instrument classification. Automated draft, not SME reviewed. No currentness or supersession conclusion."
8a7f3901-d54c-4265-9965-84a3e876d1b4,Amendment of Para 2.3 _iv_ and _v_ of the Chapter -2 of the Handbook of Forest _Conservation_ Act_ 1980 14.01.2020.pdf,unknown,False,0,"Insufficient evidence for a reliable primary-instrument classification. Automated draft, not SME reviewed. No currentness or supersession conclusion."
8adb1a2f-a241-4ffd-8719-45c16652d582,Clarification on Guidelines notified by the Central Government 24.09.24.pdf,clarification,False,0,"Ministry correspondence and clarification subject. Automated draft, not SME reviewed. No currentness or supersession conclusion."
8b3b4d12-a746-4b31-8e94-1b7855d5699a,Applicability of the Forest _Conservation_ Rules_ 2022 18.07.22.pdf,clarification,False,2,"Ministry correspondence and clarification subject. Automated draft, not SME reviewed. No currentness or supersession conclusion. 2 references have multiple target editions and remain unresolved; see the backfill review queue."
8b46f5c8-e321-4604-9a68-27689ee2fe8b,CL0596_1.PDF,clarification,False,1,"Ministry correspondence and clarification subject. Automated draft, not SME reviewed. No currentness or supersession conclusion. 6 references have multiple target editions and remain unresolved; see the backfill review queue."
8bf8303e-eab0-451d-873a-36420210c12a,Guidelines FC Act 1980 clarification Seismic Survey 03.03.2016.docx,clarification,False,0,"Ministry correspondence and clarification subject. Automated draft, not SME reviewed. No currentness or supersession conclusion. 5 references have multiple target editions and remain unresolved; see the backfill review queue."
8c49d1b0-745f-46c5-b9d7-17a8358d8352,Regularization of the forestry works carried out in the forest land after Working Plan 24.09.24.pdf,instruction,False,1,"Administrative correspondence; statutory authority requires review. Automated draft, not SME reviewed. No currentness or supersession conclusion."
8c94d992-ac85-4114-b85a-58b1dd3d9395,Processing of the proposals River Basin 27.12.2023.pdf,instruction,False,0,"Administrative correspondence; statutory authority requires review. Automated draft, not SME reviewed. No currentness or supersession conclusion."
8daa4427-b92a-4251-a1bb-12d01bc1de31,GU1909_1.PDF,guideline,False,0,"Ministry correspondence and guideline subject. Automated draft, not SME reviewed. No currentness or supersession conclusion. 2 references have multiple target editions and remain unresolved; see the backfill review queue."
8dbd8820-f3bf-4a34-9f0a-a5b25bd7b695,Clarification regarding inclusion of Army infrastructure project in the _General approval_ 28.08.2017.pdf,clarification,False,0,"Ministry correspondence and clarification subject. Automated draft, not SME reviewed. No currentness or supersession conclusion. 1 references have multiple target editions and remain unresolved; see the backfill review queue."
8e3a30ed-717c-475b-8bf1-84152859f963,Parivesh 2.0 Consultants Manual.pdf,unknown,False,0,"Secondary explanatory material/manual; do not treat as a primary legal instrument. Automated draft, not SME reviewed. No currentness or supersession conclusion."
8f58f211-fd1a-412d-9a6b-65785b90ec56,ind3172.pdf,act,False,0,"Primary instrument title; inspect edition. Automated draft, not SME reviewed. No currentness or supersession conclusion."
8fb81f1b-ea37-491d-84ff-a8d9c4d7c0cc,1726390021_6-12-2004.docx,clarification,False,0,"Ministry correspondence and clarification subject. Automated draft, not SME reviewed. No currentness or supersession conclusion. 4 references have multiple target editions and remain unresolved; see the backfill review queue."
90338c6b-cc0c-482b-a68a-15c0eaf44f30,FC- Member Secretary Manual.pdf,unknown,False,0,"Secondary explanatory material/manual; do not treat as a primary legal instrument. Automated draft, not SME reviewed. No currentness or supersession conclusion."
90a7e7fc-786b-486b-ab27-0367228acaf3,PRIORA_1.PDF,instruction,False,0,"Administrative correspondence; statutory authority requires review. Automated draft, not SME reviewed. No currentness or supersession conclusion. 1 references have multiple target editions and remain unresolved; see the backfill review queue."
91528a69-5f28-4c98-9057-ecf63d8ee9a5,Guidelines under Forest _Conservation_ Act_ 1980_ in pursuance of the -The Mineral Laws _Amendment_ Act_ 2020 08.09.20.pdf,guideline,False,0,"Ministry correspondence and guideline subject. Automated draft, not SME reviewed. No currentness or supersession conclusion. 1 references have multiple target editions and remain unresolved; see the backfill review queue."
934a76de-ff3d-4afe-ac96-a3e8462116f3,provision of transferring equivalent non-forest land by Government Departments for compensatory afforestation 19.01.2017.docx,clarification,False,0,"Ministry correspondence and clarification subject. Automated draft, not SME reviewed. No currentness or supersession conclusion. 2 references have multiple target editions and remain unresolved; see the backfill review queue."
93aae489-a984-4c6a-8160-c607cea4c786,report_inviolate_forest_area_24-01-2013.pdf,unknown,False,0,"Insufficient evidence for a reliable primary-instrument classification. Automated draft, not SME reviewed. No currentness or supersession conclusion."
94a9950b-e821-453d-aabe-025964caf25b,FRA_Sec 3 _2_ -Procedure.pdf,unknown,False,0,"Insufficient evidence for a reliable primary-instrument classification. Automated draft, not SME reviewed. No currentness or supersession conclusion. 1 references have multiple target editions and remain unresolved; see the backfill review queue."
94ccf9cb-f715-4752-81f5-feb9dd90fe12,Felling of trees-2 times-account opening.pdf,instruction,False,0,"Administrative correspondence; statutory authority requires review. Automated draft, not SME reviewed. No currentness or supersession conclusion."
95c361de-185d-44fb-b017-2e331b4f4082,Streamlining of the approval process as envisaged in guidelines 19.11.24.pdf,guideline,False,0,"Ministry correspondence and guideline subject. Automated draft, not SME reviewed. No currentness or supersession conclusion."
96597c04-4696-458a-be95-dc022a440d76,Repair Maintenance Replacement upgradation works in the Pipeline Network installed prior to Forest _Conservation_ Act_ 1980 23.12.22.pdf,guideline,False,0,"Ministry correspondence and guideline subject. Automated draft, not SME reviewed. No currentness or supersession conclusion. 2 references have multiple target editions and remain unresolved; see the backfill review queue."
96d8318d-2087-4b13-8e79-5519a408092a,the_forest__conservation__act__1980.pdf,act,False,0,"Instrument self-identification clause: the Forest (Conservation) Act, 1980 Automated draft, not SME reviewed. No currentness or supersession conclusion."
97326502-ab3a-4b57-809f-f54c80b205f1,Parivesh 2.0 DSC-eSign Usage Manual.pdf,unknown,False,0,"Secondary explanatory material/manual; do not treat as a primary legal instrument. Automated draft, not SME reviewed. No currentness or supersession conclusion."
973b76de-1dd3-4e43-9b92-028732bb7cf5,Van_Sanrakshan_Evam_Samvardhan_Amendment_Rules.pdf,amendment,False,3,"Instrument self-identification clause: the Van (Sanrakshan Evam Samvardhan) Amendment Rules, 2025 Automated draft, not SME reviewed. No currentness or supersession conclusion."
977ca889-c9a3-4315-9ece-a2f7af231303,CLARIF_2.PDF,clarification,False,0,"Ministry correspondence and clarification subject. Automated draft, not SME reviewed. No currentness or supersession conclusion. 1 references have multiple target editions and remain unresolved; see the backfill review queue."
97c1ecc8-7ce5-45fc-a5a0-a5f08c1bb9cc,Modification of guidelines issued for allowing repair and maintenance TL 20.02.25.pdf,guideline,False,0,"Ministry correspondence and guideline subject. Automated draft, not SME reviewed. No currentness or supersession conclusion."
9838d6b9-2d0b-43ea-8524-0cec4a89c67f,Guidelines on the issue of zudpi Jungle of Maharastra 27.06.2018-.pdf,guideline,False,0,"Ministry correspondence and guideline subject. Automated draft, not SME reviewed. No currentness or supersession conclusion."
993ecf24-f73c-4714-8641-39baab1b0127,Guidelines specific to hydrocarbon sector for undertaking seismic surveys and exploratory drilling in forest areas 30.09.2019.pdf,guideline,False,0,"Ministry correspondence and guideline subject. Automated draft, not SME reviewed. No currentness or supersession conclusion. 1 references have multiple target editions and remain unresolved; see the backfill review queue."
9a8c1d91-a997-4b6c-9874-acd7d5414f37,Revision of Guidelines for diversion of forest land for non forestry purpose under the forest _Conservation_ Act_ 1980 17.04.2018-.pdf,guideline,False,0,"Ministry correspondence and guideline subject. Automated draft, not SME reviewed. No currentness or supersession conclusion. 5 references have multiple target editions and remain unresolved; see the backfill review queue."
9a8f75dc-27dc-42b6-a4ac-eab93d45dbc8,PARIVESH full form.docx,unknown,False,0,"Insufficient evidence for a reliable primary-instrument classification. Automated draft, not SME reviewed. No currentness or supersession conclusion."
9abb8f6f-cb43-4db6-8b9b-14e5ab77b8ec,Clarification regarding Para 7.4 _i_ of Chapter-7 of Consolidated 25.03.25.pdf,clarification,False,0,"Ministry correspondence and clarification subject. Automated draft, not SME reviewed. No currentness or supersession conclusion."
9b387725-1d34-4a7a-acfb-6743db7c51bf,FAQ FC 2021.pdf,unknown,False,1,"Secondary explanatory material/manual; do not treat as a primary legal instrument. Automated draft, not SME reviewed. No currentness or supersession conclusion. 6 references have multiple target editions and remain unresolved; see the backfill review queue."
9b457ff4-1e71-4f85-a75e-07c8e8c13676,THE WILD LIFE _PROTECTION_ ACT_ 1972 _Last Updated 1-4-2023_.pdf,act,False,2,"Instrument self-identification clause: the Wi ld Life (Protection) Act, 1972 Automated draft, not SME reviewed. No currentness or supersession conclusion."
9b7492a2-035f-43b5-a8cc-d0008660c2bb,rediversion guidelines 2011.pdf,guideline,False,0,"Ministry correspondence and guideline subject. Automated draft, not SME reviewed. No currentness or supersession conclusion. 3 references have multiple target editions and remain unresolved; see the backfill review queue."
9da8eab2-3bbb-436d-8fb9-a09eafd5538a,Streamlining the approval process with regards to survey 17.01.25.pdf,instruction,False,0,"Administrative correspondence; statutory authority requires review. Automated draft, not SME reviewed. No currentness or supersession conclusion."
9e628532-d391-41f9-9c6b-0ce545d34810,identification of Land Bank for Compensatory Afforestation _CA_ 16.11.2018.pdf,clarification,False,0,"Ministry correspondence and clarification subject. Automated draft, not SME reviewed. No currentness or supersession conclusion. 3 references have multiple target editions and remain unresolved; see the backfill review queue."
9e665b03-69ce-464d-9d0b-a954550d5b8c,Involvement of local Forest Department in the joint field verification 13.11.25.pdf,instruction,False,0,"Administrative correspondence; statutory authority requires review. Automated draft, not SME reviewed. No currentness or supersession conclusion."
9e90d152-b70c-47ff-8171-b00ddf51ce96,Parivesh 2.0 Wild Life Clearance Payment Process-Gateway Manual.pdf,unknown,False,0,"Secondary explanatory material/manual; do not treat as a primary legal instrument. Automated draft, not SME reviewed. No currentness or supersession conclusion."
9ea0d649-bb5d-4c99-b2da-6a4b9ba90437,general approval 2005 guidelines.pdf,guideline,False,0,"Ministry correspondence and guideline subject. Automated draft, not SME reviewed. No currentness or supersession conclusion. 12 references have multiple target editions and remain unresolved; see the backfill review queue."
9fc66361-c6ad-4fe2-9bc9-437c494b93f6,Guidelines explanatory notes to use of forest land for mining 17.04.25.pdf,guideline,False,0,"Ministry correspondence and guideline subject. Automated draft, not SME reviewed. No currentness or supersession conclusion."
a0321c40-2ecd-461b-a7ed-8b856fed3201,WLC-User Agency Manual.pdf,unknown,False,0,"Secondary explanatory material/manual; do not treat as a primary legal instrument. Automated draft, not SME reviewed. No currentness or supersession conclusion."
a0d397d7-2c33-43de-b5fe-da51be1ac8fd,Development of new functionalities and their integration online approval process 18.02.25.pdf,guideline,False,0,"Ministry correspondence and guideline subject. Automated draft, not SME reviewed. No currentness or supersession conclusion."
a0ef5449-9a6d-4f29-b1f8-1f08686d283c,Parivesh 2.0 Manual for Registration.pdf,unknown,False,0,"Secondary explanatory material/manual; do not treat as a primary legal instrument. Automated draft, not SME reviewed. No currentness or supersession conclusion."
a1f4e53c-49c5-4474-baae-4bd66330401b,Charging of an lump sum amount of the project cost SMC Plan10.01.2023.pdf,guideline,False,0,"Ministry correspondence and guideline subject. Automated draft, not SME reviewed. No currentness or supersession conclusion."
a2027a96-3005-4101-ade8-1cb8ca83799e,Submission of proposal to obtain approval for diversion of entire forest land located within a mining lease regarding clarification in guidelines issued by MoEF _ CC 30.03.17.docx,clarification,False,0,"Ministry correspondence and clarification subject. Automated draft, not SME reviewed. No currentness or supersession conclusion. 9 references have multiple target editions and remain unresolved; see the backfill review queue."
a2f58ac9-1017-4c97-bbce-235f533e5849,clarification on applicability of penal NPV 11.09.25.pdf,clarification,False,0,"Ministry correspondence and clarification subject. Automated draft, not SME reviewed. No currentness or supersession conclusion."
a36b1912-7efd-4c63-987c-5b0ca625da02,Guidelines for development of infrastructure for forestry training purposes 18.11.2019.pdf,guideline,False,0,"Ministry correspondence and guideline subject. Automated draft, not SME reviewed. No currentness or supersession conclusion."
a40de47a-5c65-4600-b5b4-068731a14087,fcarules2022.pdf,rules,False,3,"Primary instrument title; inspect edition. Automated draft, not SME reviewed. No currentness or supersession conclusion. 2 references have multiple target editions and remain unresolved; see the backfill review queue."
a4233361-427d-4589-b563-d2e6c60a45e2,Clarification on the Guidelines dated 7.10.2014 and 11.10.2019 issued by the MoEF_CC regarding temporary use of forest land 10.01.20.pdf,clarification,False,0,"Ministry correspondence and clarification subject. Automated draft, not SME reviewed. No currentness or supersession conclusion. 1 references have multiple target editions and remain unresolved; see the backfill review queue."
a4324d37-0ef6-4d1e-9b8a-27448bff8e31,15 January 2015.pdf,guideline,False,0,"Ministry correspondence and guideline subject. Automated draft, not SME reviewed. No currentness or supersession conclusion. 1 references have multiple target editions and remain unresolved; see the backfill review queue."
a543db45-9690-4424-b689-fe0bdbab0b42,Clarification on deposition of monies realized from the UA WLMP 13.06.2023.pdf,clarification,False,1,"Ministry correspondence and clarification subject. Automated draft, not SME reviewed. No currentness or supersession conclusion."
a59ffb1c-0f24-4825-a9bb-ffe07b85adba,Charging of lease rent of Rs. 30_ 000 per MW in respect of Wind Power Projects 26.08.2019.pdf,guideline,False,0,"Ministry correspondence and guideline subject. Automated draft, not SME reviewed. No currentness or supersession conclusion. 2 references have multiple target editions and remain unresolved; see the backfill review queue."
a79ac008-592b-469a-9eab-1adc9be30bf2,WLC- Wildlife Warden Manual.pdf,unknown,False,0,"Secondary explanatory material/manual; do not treat as a primary legal instrument. Automated draft, not SME reviewed. No currentness or supersession conclusion."
a7ab525e-4145-4fed-b261-bc8b3fc9218b,GU02E1_1.PDF,guideline,False,1,"Ministry correspondence and guideline subject. Automated draft, not SME reviewed. No currentness or supersession conclusion. 3 references have multiple target editions and remain unresolved; see the backfill review queue."
a98e1ffd-6411-43f9-be78-f16031bd89bb,Wildlife_Exotic_Live_Species_Manual_UA.pdf,unknown,False,0,"Secondary explanatory material/manual; do not treat as a primary legal instrument. Automated draft, not SME reviewed. No currentness or supersession conclusion."
aa0f3a7c-e50c-4002-b839-1d0e9f691899,19thAugust2010-prospecting.pdf,clarification,False,0,"Ministry correspondence and clarification subject. Automated draft, not SME reviewed. No currentness or supersession conclusion. 6 references have multiple target editions and remain unresolved; see the backfill review queue."
aa181092-fa77-4989-b625-a560763c8390,User Manual for Payment Process-Gateway Manual.pdf,unknown,False,0,"Secondary explanatory material/manual; do not treat as a primary legal instrument. Automated draft, not SME reviewed. No currentness or supersession conclusion."
ab06c2df-a2f3-44cf-8177-d33e8bbb6d88,FRA 2006.pdf,handbook,False,0,"Compilation containing multiple instruments; document label is not the authority of each excerpt. Automated draft, not SME reviewed. No currentness or supersession conclusion. 7 references have multiple target editions and remain unresolved; see the backfill review queue."
ab9055d7-89dd-41ab-b7a6-6cdcfeab5ead,larification on residential or dwelling houses - Deemed forest 29.12.2023.pdf,guideline,False,0,"Ministry correspondence and guideline subject. Automated draft, not SME reviewed. No currentness or supersession conclusion."
acb5323e-c764-4ddd-8572-8b767d064d64,Submission of Geo-referenced digital data for applications under Forest _Conservation_ Act_ 1980 03.09.2018-.pdf,guideline,False,0,"Ministry correspondence and guideline subject. Automated draft, not SME reviewed. No currentness or supersession conclusion. 1 references have multiple target editions and remain unresolved; see the backfill review queue."
ad017039-6f28-417d-8c2c-fcd357c1f49d,Guidelines for construction of community toilet for benefit people 08.11.2016.docx,guideline,False,0,"Ministry correspondence and guideline subject. Automated draft, not SME reviewed. No currentness or supersession conclusion. 7 references have multiple target editions and remain unresolved; see the backfill review queue."
ad700d04-35a9-4fc4-8b1a-05e26ed58889,MAINTE_1.PDF,guideline,False,0,"Ministry correspondence and guideline subject. Automated draft, not SME reviewed. No currentness or supersession conclusion. 4 references have multiple target editions and remain unresolved; see the backfill review queue."
ad7b7fad-9d88-40bb-8bb1-fdfe4f8ebe0d,Enhancement of number of exempted boreholes 10.09.25.pdf,instruction,False,0,"Administrative correspondence; statutory authority requires review. Automated draft, not SME reviewed. No currentness or supersession conclusion."
ada7fe7c-4f59-482b-948e-da2a533de6ec,Extension of validity period of FC approvals 10.07.25.pdf,instruction,False,0,"Administrative correspondence; statutory authority requires review. Automated draft, not SME reviewed. No currentness or supersession conclusion."
ae212d5b-f262-4904-af45-d9a43c321997,Diversion of private forest land for construction of residential building 27.09.2018.pdf,guideline,False,0,"Ministry correspondence and guideline subject. Automated draft, not SME reviewed. No currentness or supersession conclusion. 3 references have multiple target editions and remain unresolved; see the backfill review queue."
aee8adbc-5748-4d2b-a96c-d075aa3e0ce9,16thJune2011-general approval LWE.pdf,instruction,False,0,"Administrative correspondence; statutory authority requires review. Automated draft, not SME reviewed. No currentness or supersession conclusion. 2 references have multiple target editions and remain unresolved; see the backfill review queue."
af02dfdb-15ef-4d17-ab81-ca05e3c6ab36,Deposition of fund through online for implementation of CAT plan in more than one instalment for small Hydel Project 03.07.2018-.pdf,guideline,False,0,"Ministry correspondence and guideline subject. Automated draft, not SME reviewed. No currentness or supersession conclusion. 1 references have multiple target editions and remain unresolved; see the backfill review queue."
afb1a5bc-47f3-4934-b35c-a89984d26395,Date and stage of application of the revised rates of Net Present Value _NPV_ 19.01.2022.pdf,instruction,False,0,"Administrative correspondence; statutory authority requires review. Automated draft, not SME reviewed. No currentness or supersession conclusion. 1 references have multiple target editions and remain unresolved; see the backfill review queue."
b02b317b-191e-44a1-ba1f-df718e25d07e,Clarification sought by the Regional Office_ Chandigarh General Approval 10.04.24.pdf,clarification,False,1,"Ministry correspondence and clarification subject. Automated draft, not SME reviewed. No currentness or supersession conclusion."
b1628149-11f9-45aa-9c1e-d9a67af31287,FC IRO Head Level Manual.pdf,unknown,False,0,"Secondary explanatory material/manual; do not treat as a primary legal instrument. Automated draft, not SME reviewed. No currentness or supersession conclusion."
b1fbadd5-6028-4208-9f30-d4ce8579ee43,Permitting double the degraded forest land in lieu of non-forest land 17.03.25.pdf,guideline,False,0,"Ministry correspondence and guideline subject. Automated draft, not SME reviewed. No currentness or supersession conclusion."
b30049a5-1d95-4380-ba21-3fd7341998bf,Applicability of the provisions of the raising compensatory afforestation 02.11.2023.pdf,instruction,False,0,"Administrative correspondence; statutory authority requires review. Automated draft, not SME reviewed. No currentness or supersession conclusion."
b33b2b41-92e3-477a-81b1-37a88d561b1a,Clarification regarding taking up CA over DFL 13.01.26.pdf,clarification,False,1,"Ministry correspondence and clarification subject. Automated draft, not SME reviewed. No currentness or supersession conclusion."
b45099f5-fd1e-4a3e-9abc-8e2be96ed058,Area of forest land falling in the Safety Zone 02.08.2017.pdf,clarification,False,0,"Ministry correspondence and clarification subject. Automated draft, not SME reviewed. No currentness or supersession conclusion. 3 references have multiple target editions and remain unresolved; see the backfill review queue."
b58aa75d-a95a-44db-b882-91c0729eef9e,Guidelines LWE 17May2013 General approval.pdf,guideline,False,0,"Ministry correspondence and guideline subject. Automated draft, not SME reviewed. No currentness or supersession conclusion."
b6a30690-6d25-4d98-a536-65cf004dd627,Meeting of Inter-Ministerial Coordination and Monitoring Committee for FC_ EC _ WL proposals 19.04.2022.pdf,instruction,False,0,"Administrative correspondence; statutory authority requires review. Automated draft, not SME reviewed. No currentness or supersession conclusion."
b7f6666b-eff4-48f2-b5ed-c0b514224fe8,VanSanrakshanEvamSamvardhanRules2023.pdf,rules,False,5,"Instrument self-identification clause: the Van (Sanrakshan Evam Samvar dhan) Rules, 2023 Automated draft, not SME reviewed. No currentness or supersession conclusion."
b8cd7c94-2225-41c7-8320-04af195a002f,1803019864_6-9-2004.docx,unknown,False,0,"Insufficient evidence for a reliable primary-instrument classification. Automated draft, not SME reviewed. No currentness or supersession conclusion."
b8d7c780-a5d8-4fa9-80d0-3dfd6050290b,Migration of proposals from Parivesh 1 and 2 procedure 25.01.24.pdf,instruction,False,1,"Administrative correspondence; statutory authority requires review. Automated draft, not SME reviewed. No currentness or supersession conclusion."
b8dc663b-c6c1-4eb6-8648-db0c7c656f4d,WRIT PETITION _C_ NO.202 OF 1995 Judgement_20-Nov-2025 Aravali Hills.pdf,judicial,False,1,"Court heading in opening excerpt; operative status still requires review. Automated draft, not SME reviewed. No currentness or supersession conclusion."
b90267b1-86eb-41b5-b825-887b3cfdc0c9,6 IAs in W.P 202 of 1995 GODAVARMAN order 04.08.2006.pdf,judicial,False,0,"Court heading in opening excerpt; operative status still requires review. Automated draft, not SME reviewed. No currentness or supersession conclusion."
b9865c59-7510-4c5c-a081-e11ff9c82401,Applicability of FC Act 1980 and WL Protection Act forest land falling RoW 05.12.2017.pdf,instruction,False,0,"Administrative correspondence; statutory authority requires review. Automated draft, not SME reviewed. No currentness or supersession conclusion. 8 references have multiple target editions and remain unresolved; see the backfill review queue."
bacd9e38-3fc0-4907-b4ed-29767a4ee935,Parivesh 2.0 Payment Process-Gateway Manual.pdf,unknown,False,0,"Secondary explanatory material/manual; do not treat as a primary legal instrument. Automated draft, not SME reviewed. No currentness or supersession conclusion."
bcd9a155-cb79-4a89-a072-03f4d7db5e0c,Recorded as forest and non-forest 30.08.2016.docx,guideline,False,0,"Ministry correspondence and guideline subject. Automated draft, not SME reviewed. No currentness or supersession conclusion. 1 references have multiple target editions and remain unresolved; see the backfill review queue."
bd11f778-cb2e-4cc9-b02a-a0893cb98d47,Delegation to DFOs for survey drilling 25 july 25.pdf,unknown,False,0,"Insufficient evidence for a reliable primary-instrument classification. Automated draft, not SME reviewed. No currentness or supersession conclusion."
bdeab11f-4a5f-4574-93a6-1019565306d3,Guidelines for laying TL through forest areas 24.10.2016.docx,guideline,False,0,"Ministry correspondence and guideline subject. Automated draft, not SME reviewed. No currentness or supersession conclusion. 2 references have multiple target editions and remain unresolved; see the backfill review queue."
bee6c926-7a3e-4330-a8d1-7a08f20ab2ac,general approval guidelines january 2005.pdf,guideline,False,0,"Ministry correspondence and guideline subject. Automated draft, not SME reviewed. No currentness or supersession conclusion. 12 references have multiple target editions and remain unresolved; see the backfill review queue."
bfa86997-6a91-4288-a0bf-cc55e0a6b8cc,general approval lwe 60 districts december 2012.pdf,instruction,False,0,"Administrative correspondence; statutory authority requires review. Automated draft, not SME reviewed. No currentness or supersession conclusion. 2 references have multiple target editions and remain unresolved; see the backfill review queue."
c0f0caef-9d28-410a-9894-704279cb2640,Clarification to the Government of Madhya Pradesh regarding permissibility of prospecting in the revenue private land falling in the Biosphere Reserves 18.10.2019.pdf,clarification,False,0,"Ministry correspondence and clarification subject. Automated draft, not SME reviewed. No currentness or supersession conclusion. 1 references have multiple target editions and remain unresolved; see the backfill review queue."
c18ea301-e756-4d0e-94c5-9b6916e798b8,Environmental Protection Rules 1986.pdf,rules,False,0,"Instrument self-identification clause: the Environment (Protection) Rules, 1986 Automated draft, not SME reviewed. No currentness or supersession conclusion."
c1c06bef-8591-4ff6-a5e4-4b22fca394ac,Minerals _Other than Atomic and Hydro Carbons Energy Mineral_ Concession _Amendment_ Rules_ 2023..pdf,amendment,False,0,"Instrument self-identification clause: the Minerals (Other than Atomic and Hydro Carbons Energy Mineral) Concession (Amendment) Rules, 2023 Automated draft, not SME reviewed. No currentness or supersession conclusion."
c24e1cbe-f1d5-427c-a1bd-e80d9f39c23b,Section 2 _iii_ FC Act 1980 filling online form for seeking approval 17.11.2016.docx,guideline,False,0,"Ministry correspondence and guideline subject. Automated draft, not SME reviewed. No currentness or supersession conclusion. 3 references have multiple target editions and remain unresolved; see the backfill review queue."
c95a66b5-2f0f-497c-b11c-db1bb780d319,Maintenance of Safety Zone along the inner boundary of mining lease 25.09.2023.pdf,guideline,False,0,"Ministry correspondence and guideline subject. Automated draft, not SME reviewed. No currentness or supersession conclusion. 2 references have multiple target editions and remain unresolved; see the backfill review queue."
c9cc385f-03b9-45e8-af76-c1c6342c2c8e,Request for extending the guidelines for allowing Commencement of Mining 03.02.2023.pdf,notification,False,0,"Commencement notification/covering correspondence; inspect attached operative notification. Automated draft, not SME reviewed. No currentness or supersession conclusion."
ca1ddb51-1c6e-4367-a8bb-50a015f314dd,Exclusion of Ropeway Projects from the ambit of the Forest _Conservation_ Act_ 1980 and payment of NPV 08.05.2019.pdf,instruction,False,0,"Administrative correspondence; statutory authority requires review. Automated draft, not SME reviewed. No currentness or supersession conclusion. 3 references have multiple target editions and remain unresolved; see the backfill review queue."
ca25c2a1-cacc-4d3d-ba68-259be13f7b12,mmdr_act_1957.pdf,act,False,0,"Instrument self-identification clause: the Mines and Minerals 2[(Development and Regulation)] Act, 1957 Automated draft, not SME reviewed. No currentness or supersession conclusion."
ca44ed78-fe8c-4f87-9d6b-29e7f0768b9b,Special consideration of compensatory afforestation in forest rich States 22.05.2019.pdf,instruction,False,0,"Administrative correspondence; statutory authority requires review. Automated draft, not SME reviewed. No currentness or supersession conclusion."
cc5dcf56-e767-44d9-b9ac-a09be7e0403c,CLARIF_3.PDF,clarification,False,0,"Ministry correspondence and clarification subject. Automated draft, not SME reviewed. No currentness or supersession conclusion."
cd4f60a3-52fd-4723-9a7f-f56a00ea8a7e,guideline related to general approval for underground laying of optical fibre cables_ underground laying of telephone lines 12.12.2017.pdf,guideline,False,0,"Ministry correspondence and guideline subject. Automated draft, not SME reviewed. No currentness or supersession conclusion. 2 references have multiple target editions and remain unresolved; see the backfill review queue."
cdddf17a-412f-4ad9-a154-30d1c52e61b4,Right of Way _RoW_ mentioned in the guidelines 22.02.2023.pdf,guideline,False,0,"Ministry correspondence and guideline subject. Automated draft, not SME reviewed. No currentness or supersession conclusion."
ce0d5838-0054-4125-8a8b-86b088b5a286,Effect of amended rules under VSES 1980 on NHAI of Accredited CA land 01.10.24.pdf,instruction,False,0,"Administrative correspondence; statutory authority requires review. Automated draft, not SME reviewed. No currentness or supersession conclusion."
ced1c2ca-bb99-4f1c-b1b8-bbff93263067,1594627703_14-12-204.docx,guideline,False,0,"Ministry correspondence and guideline subject. Automated draft, not SME reviewed. No currentness or supersession conclusion. 9 references have multiple target editions and remain unresolved; see the backfill review queue."
cf9f6d3d-9b08-4a49-aefd-9128a34fe304,FC-Hon_ble Union Minister Manual.pdf,unknown,False,0,"Secondary explanatory material/manual; do not treat as a primary legal instrument. Automated draft, not SME reviewed. No currentness or supersession conclusion."
d03d3c4b-ac58-4f52-bfd2-bf95ae5dab38,general approval guideline 2009.pdf,guideline,False,0,"Ministry correspondence and guideline subject. Automated draft, not SME reviewed. No currentness or supersession conclusion. 3 references have multiple target editions and remain unresolved; see the backfill review queue."
d115eb84-0290-4f51-b431-13152ca066b3,Clarification sought by the Directorate General of Hydrocarbon and Oil India Ltd 03.11.2023.pdf,clarification,False,0,"Ministry correspondence and clarification subject. Automated draft, not SME reviewed. No currentness or supersession conclusion."
d22ecf81-0927-48e0-afa3-19a0c923cdd8,Statutory provisions and Guidelines NDMA 01.10.2024.pdf,guideline,False,1,"Ministry correspondence and guideline subject. Automated draft, not SME reviewed. No currentness or supersession conclusion."
d24118a2-5ece-4088-8420-2675a41da543,W.P _ c_ 1164 of 2023 Note.docx,unknown,False,0,"Secondary explanatory material/manual; do not treat as a primary legal instrument. Automated draft, not SME reviewed. No currentness or supersession conclusion. 1 references have multiple target editions and remain unresolved; see the backfill review queue."
d2a2e07f-7a8d-4c62-9158-7d583463a04c,Parivesh 2.0 Track Your Proposal Manual.pdf,unknown,False,0,"Secondary explanatory material/manual; do not treat as a primary legal instrument. Automated draft, not SME reviewed. No currentness or supersession conclusion."
d3915f9f-e492-4b40-b59e-577c23487552,Parivesh 2.0 Decision Support System Manual.pdf,unknown,False,0,"Secondary explanatory material/manual; do not treat as a primary legal instrument. Automated draft, not SME reviewed. No currentness or supersession conclusion."
d467d41c-6f09-4063-958a-ad65a73f26b7,FC-Land Bank Manual.pdf,unknown,False,0,"Secondary explanatory material/manual; do not treat as a primary legal instrument. Automated draft, not SME reviewed. No currentness or supersession conclusion."
d5c8e4d9-7f1a-4f68-a79d-64410b016371,Extension of the provisions of survey contained 27.08.24.pdf,guideline,False,0,"Ministry correspondence and guideline subject. Automated draft, not SME reviewed. No currentness or supersession conclusion."
d6101b70-5af0-4f4d-a271-be9ba644e170,Guidelines for stipulating the norms for survey and investigation _Prospecting of ores_ on forest land 05.09.2018-.pdf,guideline,False,0,"Ministry correspondence and guideline subject. Automated draft, not SME reviewed. No currentness or supersession conclusion. 5 references have multiple target editions and remain unresolved; see the backfill review queue."
d71888d5-9c4d-4159-bb99-788ae89658fd,Strengthening the office of the Nodal Officer PMU 27.09.25.pdf,guideline,False,1,"Ministry correspondence and guideline subject. Automated draft, not SME reviewed. No currentness or supersession conclusion."
d780b035-cef4-457d-bd9f-705a14479e57,Tree Felling Royalty-MoEF CC 2008.pdf,clarification,False,0,"Ministry correspondence and clarification subject. Automated draft, not SME reviewed. No currentness or supersession conclusion."
d8097a67-a86e-44e6-a4b9-a2bb43f4eef8,REQUES_1.PDF,guideline,False,0,"Ministry correspondence and guideline subject. Automated draft, not SME reviewed. No currentness or supersession conclusion. 1 references have multiple target editions and remain unresolved; see the backfill review queue."
d8783560-3ce5-4c02-8735-1494bf9b0178,PROCES_1.PDF,guideline,False,0,"Ministry correspondence and guideline subject. Automated draft, not SME reviewed. No currentness or supersession conclusion. 1 references have multiple target editions and remain unresolved; see the backfill review queue."
d9d7ca04-1444-459b-baac-98c46cb88ed5,modification para 2.2 and 4.4 january 2023.pdf,guideline,False,0,"Ministry correspondence and guideline subject. Automated draft, not SME reviewed. No currentness or supersession conclusion. 4 references have multiple target editions and remain unresolved; see the backfill review queue."
dc03cc8c-6bdd-4318-b3b7-dadce9f31dde,Review of progress of processing the proposals and Site Inspection 22.11.24.pdf,instruction,False,1,"Administrative correspondence; statutory authority requires review. Automated draft, not SME reviewed. No currentness or supersession conclusion. 2 references have multiple target editions and remain unresolved; see the backfill review queue."
dc8fbbd2-6938-479a-b611-aab733ce9e83,All original documents of all the proposals with Ink Sign and Stamp 17.11.2016.docx,guideline,False,0,"Ministry correspondence and guideline subject. Automated draft, not SME reviewed. No currentness or supersession conclusion. 3 references have multiple target editions and remain unresolved; see the backfill review queue."
dcd6e6d7-b3ce-43e9-af1c-30feed7eb95a,Guidelines FC Act 1980 clarification Seismic Survey 03.03.2016 _1_.docx,clarification,False,0,"Ministry correspondence and clarification subject. Automated draft, not SME reviewed. No currentness or supersession conclusion. 6 references have multiple target editions and remain unresolved; see the backfill review queue."
de6167d1-acb2-4789-b965-c64045cf61f3,Mines and Minerals _Development and Regulation_ Amendment Act_ 2023..pdf,amendment,False,1,"Instrument self-identification clause: the Mines and Minerals (Development and Regulation) Amendment Act, 2023 Automated draft, not SME reviewed. No currentness or supersession conclusion."
de6b1996-bec8-41fe-9498-ece289a297d3,Grant of conditional approvals _Stage-I_ by the IROs 22.02.2023.pdf,instruction,False,0,"Administrative correspondence; statutory authority requires review. Automated draft, not SME reviewed. No currentness or supersession conclusion."
de968c37-c7f1-4316-9b14-d73ccfbfe700,Submission of proposals to obtain approval mining lease 31.03.2016.docx,guideline,False,0,"Ministry correspondence and guideline subject. Automated draft, not SME reviewed. No currentness or supersession conclusion. 2 references have multiple target editions and remain unresolved; see the backfill review queue."
e0b02cc5-3634-4482-9298-a25afd4f0b90,Clarification on the provisions of Rule 11_10_ and Rule 16_8_ 29.11.24.pdf,clarification,False,1,"Ministry correspondence and clarification subject. Automated draft, not SME reviewed. No currentness or supersession conclusion."
e116cfbf-f3a5-49d1-8a96-a44c03601832,Offshore Areas Mineral _Development and Regulation_ Amendment Act_ 2023 _17 of 2023_ appointed date 2023.pdf,unknown,False,0,"Insufficient evidence for a reliable primary-instrument classification. Automated draft, not SME reviewed. No currentness or supersession conclusion."
e2a6665c-c0cb-4a70-a71d-50eb46c8b320,Second Schedule to the Mines and Minerals _Development and Regulation_ Act_ 1957 during 2023.pdf,unknown,False,0,"Insufficient evidence for a reliable primary-instrument classification. Automated draft, not SME reviewed. No currentness or supersession conclusion."
e312946d-7783-4308-8af3-05f7713f3fa0,Guidelines given under para 5.6 of the Handbook of Forest _Conservation_ Act_ 1980 regarding change in the land use re-diversion of forest land - reg 28.11.22.pdf,guideline,False,0,"Ministry correspondence and guideline subject. Automated draft, not SME reviewed. No currentness or supersession conclusion. 1 references have multiple target editions and remain unresolved; see the backfill review queue."
e3c84555-6dd9-489a-a114-f53fc694b10a,Process of Forest Clearance.docx,unknown,False,0,"Insufficient evidence for a reliable primary-instrument classification. Automated draft, not SME reviewed. No currentness or supersession conclusion."
e4abd1fd-41de-4705-9044-70356909e365,extending the dispensation to NHIDCL 19.04.2018-.pdf,instruction,False,0,"Administrative correspondence; statutory authority requires review. Automated draft, not SME reviewed. No currentness or supersession conclusion. 4 references have multiple target editions and remain unresolved; see the backfill review queue."
e664150a-dbdc-4526-8d18-ad34d49007fb,Processing of proposals pertaining to violation of Forest _Conservation_ Act_ 1980 08.09.22.pdf,clarification,False,2,"Ministry correspondence and clarification subject. Automated draft, not SME reviewed. No currentness or supersession conclusion. 5 references have multiple target editions and remain unresolved; see the backfill review queue."
e6db9563-7599-4104-b92b-1c4ec090da42,Revision of Guidelines for diversion of forest land for non forestry purpose under the forest _Conservation_ Act_ 1980 17.04.2018.docx,guideline,False,0,"Ministry correspondence and guideline subject. Automated draft, not SME reviewed. No currentness or supersession conclusion. 5 references have multiple target editions and remain unresolved; see the backfill review queue."
e77462cf-eef8-451e-871d-9fb74e71b6db,Establishment of Keharani Biological Park _KBP_ in Alwar_ Rajasthan 23.11.25.pdf,guideline,False,0,"Ministry correspondence and guideline subject. Automated draft, not SME reviewed. No currentness or supersession conclusion."
e7b04310-3b70-4267-8bab-29bb3860ee4e,Scenario in Forest Clearance-Adhiniyam 2023-Parivesh 2.0.docx,unknown,False,0,"Secondary explanatory material/manual; do not treat as a primary legal instrument. Automated draft, not SME reviewed. No currentness or supersession conclusion."
e8365713-e66f-4b9f-8302-9ee651ba7946,EC-Standard Operating Procedure for Certified Compliance Report _CCR_.pdf,unknown,False,0,"Insufficient evidence for a reliable primary-instrument classification. Automated draft, not SME reviewed. No currentness or supersession conclusion. 4 references have multiple target editions and remain unresolved; see the backfill review queue."
e8b97633-d3c2-47c7-a802-0eb5ffa5b0b5,421280635_23 june 2004.docx,clarification,False,0,"Ministry correspondence and clarification subject. Automated draft, not SME reviewed. No currentness or supersession conclusion. 1 references have multiple target editions and remain unresolved; see the backfill review queue."
e958edd3-163d-4659-b5d5-0a556bbd139a,Clarification on the applicability of provisions CA 17.02.25.pdf,clarification,False,0,"Ministry correspondence and clarification subject. Automated draft, not SME reviewed. No currentness or supersession conclusion."
e9e60cba-0f87-4179-9195-1d6cb43e4804,THE WILD LIFE _PROTECTION_ AMENDMENT ACT_ 2002.pdf,amendment,False,1,"Instrument self-identification clause: the Wild Life (Protection) Amendment Act, 2002 Automated draft, not SME reviewed. No currentness or supersession conclusion."
ea14f7dd-74c5-456b-8eba-0274cbc53ef1,Clarification on the Guidelines given under the Handbook of the Forest _Conservation_ Act_ 1980 and general approval to micro hydel project 18.10.2019.pdf,clarification,False,0,"Ministry correspondence and clarification subject. Automated draft, not SME reviewed. No currentness or supersession conclusion. 3 references have multiple target editions and remain unresolved; see the backfill review queue."
ea4887c8-0bb5-4dbb-9b4e-02463bc20aba,Clarification on the site specificity of small public utilities 24.09.24.pdf,clarification,False,0,"Ministry correspondence and clarification subject. Automated draft, not SME reviewed. No currentness or supersession conclusion."
eb5e8d57-80e5-4323-b949-2357a75e7933,revision of para 4.4 -17.02.2011.docx,guideline,False,0,"Ministry correspondence and guideline subject. Automated draft, not SME reviewed. No currentness or supersession conclusion. 2 references have multiple target editions and remain unresolved; see the backfill review queue."
ec0b9fd1-8592-4889-9fd3-03377a194fe9,Auto de-listing of proposal as per the provisions of guidelines given under the para 1.20 of the Handbook and subsequent procedure for their relisting 18.10.22.pdf,guideline,False,1,"Ministry correspondence and guideline subject. Automated draft, not SME reviewed. No currentness or supersession conclusion. 2 references have multiple target editions and remain unresolved; see the backfill review queue."
ed50e818-6210-4c2d-bd23-702275ea98cf,Zoo to be considered as a forestry activity 08.06.22.pdf,clarification,False,1,"Ministry correspondence and clarification subject. Automated draft, not SME reviewed. No currentness or supersession conclusion. 5 references have multiple target editions and remain unresolved; see the backfill review queue."
f1112592-6cc7-4be6-a31d-0cf73b0ccb8e,PROCES_1.PDF.docx,guideline,False,0,"Ministry correspondence and guideline subject. Automated draft, not SME reviewed. No currentness or supersession conclusion. 3 references have multiple target editions and remain unresolved; see the backfill review queue."
f24f1ff9-d929-427b-941e-cd7487cddd1b,Lafarge Umiam Mining Pvt. Ltd. V. Union of India_ 2011 Supreme Court of India_ Judgment of 6 July 2011.pdf,judicial,False,3,"Court heading in opening excerpt; operative status still requires review. Automated draft, not SME reviewed. No currentness or supersession conclusion. 12 references have multiple target editions and remain unresolved; see the backfill review queue."
f3879a29-e709-41b8-b2e3-d243370c3dc5,THE BIOLOGICAL DIVERSITY ACT_ 2002 AND BIOLOGICAL DIVERSITY RULES_ 2004.pdf,handbook,False,0,"Compilation containing multiple instruments; document label is not the authority of each excerpt. Automated draft, not SME reviewed. No currentness or supersession conclusion."
f4763029-5c67-4e48-afc9-dcd1ec38f13f,OFA_ 1972.pdf,act,False,1,"Instrument self-identification clause: the Orissa Forest Act, 1972 Automated draft, not SME reviewed. No currentness or supersession conclusion."
f4822e7e-5175-47da-a444-6651bc16896e,Clarification on the Guidelines issued dated 17.04.2018 for diversion of forest land for non-forestry purpose 07.06.2019.pdf,clarification,False,0,"Ministry correspondence and clarification subject. Automated draft, not SME reviewed. No currentness or supersession conclusion. 1 references have multiple target editions and remain unresolved; see the backfill review queue."
f4af0167-1940-4a93-b218-fed11d09dd08,fc-guidlines-2012.pdf,guideline,False,0,"Ministry correspondence and guideline subject. Automated draft, not SME reviewed. No currentness or supersession conclusion. 3 references have multiple target editions and remain unresolved; see the backfill review queue."
f6b49d18-29e1-4d1d-8149-7d529efd4a4f,Strengthening of Integrated Concurrent Monitoring and Evaluation System _i-CCMES_ or e-Green Watch 20.11.2020.pdf,instruction,False,0,"Administrative correspondence; statutory authority requires review. Automated draft, not SME reviewed. No currentness or supersession conclusion."
f7d8049b-71fa-4615-8a3b-4ffd75b32636,Defining Dictionary meaning of Forest as contained in the order dated 12.12.1996 of Hon_ble Supreme Court 14.11.2019.pdf,instruction,False,0,"Administrative correspondence; statutory authority requires review. Automated draft, not SME reviewed. No currentness or supersession conclusion."
f8395be9-479f-4b99-975d-dce7d02f1b45,Proposals seeking diversion of forest land for non-forestry purposes-clarification on selection of land for Compensatory afforestation_CA_ 02.04.2019.pdf,clarification,False,0,"Ministry correspondence and clarification subject. Automated draft, not SME reviewed. No currentness or supersession conclusion."
f871ce35-7fce-4c44-a5ca-973581e5c2c7,Appointed date of MMDR Amendment Act 2025.pdf,unknown,False,0,"Insufficient evidence for a reliable primary-instrument classification. Automated draft, not SME reviewed. No currentness or supersession conclusion."
f8b87a5e-e4ff-4668-bb34-743f8598df9f,Raising of compensatory afforestation inwaste lands of HP 21.02.24.pdf,guideline,False,1,"Ministry correspondence and guideline subject. Automated draft, not SME reviewed. No currentness or supersession conclusion."
f9fca2a8-ea60-4097-a8fa-dc8d535f67cf,PF Notification Circular.pdf,instruction,False,2,"Administrative correspondence; statutory authority requires review. Automated draft, not SME reviewed. No currentness or supersession conclusion."
fc36613f-6612-45bb-884a-9e244058952f,Request for cutting and removing of already marked trees during Joint survey of Railway officials 09.06.2017.pdf,clarification,False,0,"Ministry correspondence and clarification subject. Automated draft, not SME reviewed. No currentness or supersession conclusion. 10 references have multiple target editions and remain unresolved; see the backfill review queue."
fc5b16c0-c1d5-4154-8d01-ba50f12a4611,Request from Ministry of Petroleum and Natural Gas_ Gol to introduce a separate category in the PARIVESH portal for Hydrocarbons projects 11.03.22.pdf,instruction,False,0,"Administrative correspondence; statutory authority requires review. Automated draft, not SME reviewed. No currentness or supersession conclusion. 1 references have multiple target editions and remain unresolved; see the backfill review queue."
fd4da3b9-2ec5-40d7-9fb8-e7767d7881e5,Clarification on drilling of shot holes for seismic surveys 03.05.2017.docx,clarification,False,0,"Ministry correspondence and clarification subject. Automated draft, not SME reviewed. No currentness or supersession conclusion. 3 references have multiple target editions and remain unresolved; see the backfill review queue."
fd93ecea-3584-43b1-92b1-7e4dac512f7b,Guidelines recorded as forest and mining proposes non-forest 09.03.2016.docx,guideline,False,0,"Ministry correspondence and guideline subject. Automated draft, not SME reviewed. No currentness or supersession conclusion. 4 references have multiple target editions and remain unresolved; see the backfill review queue."
fe07175e-51ab-44d2-a0be-11d074ca5b53,Guidelines for stipulating the norms for Survey and Investigation _Prospecting of ores_ on forest land 24.12.2018.pdf,guideline,False,1,"Ministry correspondence and guideline subject. Automated draft, not SME reviewed. No currentness or supersession conclusion. 5 references have multiple target editions and remain unresolved; see the backfill review queue."
feaca04f-0b8c-4186-a41a-cc74cde638ed,revision of para 4.4 dated 6.1.2011.pdf,clarification,False,0,"Ministry correspondence and clarification subject. Automated draft, not SME reviewed. No currentness or supersession conclusion. 4 references have multiple target editions and remain unresolved; see the backfill review queue."
